nohup: ignoring input
Compiling JetClusteringWithJewelBkg.cpp ...
Running JetClusteringWithJewelBkg ...
Number of entries in /home/xirong/DijetAnalysis_2025_v3_svmit/MonteCarlo/021926_JewelPtHat40_10Kevt/Jewelpbpb_5360GeV_ptm40_10Kevt_021826_C5_med_11050627_precluster.root: 9999
Processing event 0 / 9999
  Number of JEWEL particles: 1255
Event 0 details:
  Total number of particles for clustering: 956
  Number of thermal particles: 297
  Event weight: 4.32877e-10
#--------------------------------------------------------------------------
#                         FastJet release 3.4.2
#                 M. Cacciari, G.P. Salam and G. Soyez                  
#     A software package for jet finding and analysis at colliders      
#                           http://fastjet.fr                           
#	                                                                      
# Please cite EPJC72(2012)1896 [arXiv:1111.6097] if you use this package
# for scientific work and optionally PLB641(2006)57 [hep-ph/0512210].   
#                                                                       
# FastJet is provided without warranty under the GNU GPL v2 or higher.  
# It uses T. Chan's closest pair algorithm, S. Fortune's Voronoi code
# and 3rd party plugin jet algorithms. See COPYING file for details.
#--------------------------------------------------------------------------
Processed 0 events.
Event 0 summary:
  Number of JEWEL particles: 1255
  Number of jets found: 119
  Leading jet pt: 41.6608
  Subleading jet pt: 28.1303
  A_J: 0.193871
  X_J: 0.675223
  dPhi: -2.78788
  ET_miss_jet: 0.875668
  ET_miss_particle: 7.24373
Event 1 summary:
  Number of JEWEL particles: 2129
  Number of jets found: 145
  Leading jet pt: 56.7339
  Subleading jet pt: 30.7505
  A_J: 0.297006
  X_J: 0.542013
  dPhi: 3.1179
  ET_miss_jet: 2.1369
  ET_miss_particle: 9.04321
Event 2 summary:
  Number of JEWEL particles: 926
  Number of jets found: 136
  Leading jet pt: 39.8706
  Subleading jet pt: 34.9825
  A_J: 0.0653015
  X_J: 0.877403
  dPhi: 3.13362
  ET_miss_jet: 2.232e-06
  ET_miss_particle: 8.78259
Event 3 summary:
  Number of JEWEL particles: 1013
  Number of jets found: 140
  Leading jet pt: 124.243
  Subleading jet pt: 117.163
  A_J: 0.0293276
  X_J: 0.943016
  dPhi: -3.13544
  ET_miss_jet: 0.000104875
  ET_miss_particle: 8.54765
Event 4 summary:
  Number of JEWEL particles: 2155
  Number of jets found: 154
  Leading jet pt: 109.56
  Subleading jet pt: 45.6243
  A_J: 0.411999
  X_J: 0.416432
  dPhi: 2.9111
  ET_miss_jet: 0.192697
  ET_miss_particle: 14.301
Event 10 details:
  Total number of particles for clustering: 3739
  Number of thermal particles: 1266
  Event weight: 9.05938e-13
Event 20 details:
  Total number of particles for clustering: 3615
  Number of thermal particles: 1249
  Event weight: 3.90816e-11
Event 30 details:
  Total number of particles for clustering: 1444
  Number of thermal particles: 484
  Event weight: 3.62288e-09
Event 40 details:
  Total number of particles for clustering: 1494
  Number of thermal particles: 488
  Event weight: 5.43109e-12
Event 50 details:
  Total number of particles for clustering: 1733
  Number of thermal particles: 583
  Event weight: 1.13212e-14
Event 60 details:
  Total number of particles for clustering: 1897
  Number of thermal particles: 625
  Event weight: 2.87523e-13
Event 70 details:
  Total number of particles for clustering: 2336
  Number of thermal particles: 701
  Event weight: 2.3585e-14
Event 80 details:
  Total number of particles for clustering: 1498
  Number of thermal particles: 484
  Event weight: 3.19385e-11
Event 90 details:
  Total number of particles for clustering: 1956
  Number of thermal particles: 777
  Event weight: 1.76067e-14
Event 100 details:
  Total number of particles for clustering: 1837
  Number of thermal particles: 585
  Event weight: 8.24543e-10
Event 110 details:
  Total number of particles for clustering: 2747
  Number of thermal particles: 919
  Event weight: 2.15207e-13
Event 120 details:
  Total number of particles for clustering: 2262
  Number of thermal particles: 809
  Event weight: 5.17275e-12
Event 130 details:
  Total number of particles for clustering: 1427
  Number of thermal particles: 419
  Event weight: 1.30134e-14
Event 140 details:
  Total number of particles for clustering: 1639
  Number of thermal particles: 564
  Event weight: 1.64627e-09
Event 150 details:
  Total number of particles for clustering: 1108
  Number of thermal particles: 356
  Event weight: 6.01027e-10
Event 160 details:
  Total number of particles for clustering: 1338
  Number of thermal particles: 405
  Event weight: 5.61083e-11
Event 170 details:
  Total number of particles for clustering: 1315
  Number of thermal particles: 407
  Event weight: 1.96647e-11
Event 180 details:
  Total number of particles for clustering: 829
  Number of thermal particles: 220
  Event weight: 4.09554e-11
Event 190 details:
  Total number of particles for clustering: 1538
  Number of thermal particles: 538
  Event weight: 1.80116e-13
Event 200 details:
  Total number of particles for clustering: 2210
  Number of thermal particles: 774
  Event weight: 3.91868e-09
Event 210 details:
  Total number of particles for clustering: 1385
  Number of thermal particles: 596
  Event weight: 1.56833e-10
Event 220 details:
  Total number of particles for clustering: 1819
  Number of thermal particles: 597
  Event weight: 4.53631e-11
Event 230 details:
  Total number of particles for clustering: 1972
  Number of thermal particles: 657
  Event weight: 1.49311e-09
Event 240 details:
  Total number of particles for clustering: 2223
  Number of thermal particles: 954
  Event weight: 1.11604e-11
Event 250 details:
  Total number of particles for clustering: 2823
  Number of thermal particles: 901
  Event weight: 1.26046e-12
Event 260 details:
  Total number of particles for clustering: 1867
  Number of thermal particles: 785
  Event weight: 9.19691e-11
Event 270 details:
  Total number of particles for clustering: 3909
  Number of thermal particles: 1314
  Event weight: 4.40911e-12
Event 280 details:
  Total number of particles for clustering: 1770
  Number of thermal particles: 525
  Event weight: 6.26924e-13
Event 290 details:
  Total number of particles for clustering: 1501
  Number of thermal particles: 472
  Event weight: 7.12824e-11
Event 300 details:
  Total number of particles for clustering: 1484
  Number of thermal particles: 518
  Event weight: 5.4534e-09
Event 310 details:
  Total number of particles for clustering: 1419
  Number of thermal particles: 663
  Event weight: 6.36081e-11
Event 320 details:
  Total number of particles for clustering: 1987
  Number of thermal particles: 626
  Event weight: 1.08314e-12
Event 330 details:
  Total number of particles for clustering: 2813
  Number of thermal particles: 964
  Event weight: 3.21057e-11
Event 340 details:
  Total number of particles for clustering: 4220
  Number of thermal particles: 1489
  Event weight: 8.44251e-13
Event 350 details:
  Total number of particles for clustering: 2973
  Number of thermal particles: 925
  Event weight: 2.47663e-15
Event 360 details:
  Total number of particles for clustering: 1468
  Number of thermal particles: 466
  Event weight: 4.95901e-11
Event 370 details:
  Total number of particles for clustering: 2024
  Number of thermal particles: 670
  Event weight: 6.01193e-11
Event 380 details:
  Total number of particles for clustering: 1566
  Number of thermal particles: 497
  Event weight: 6.60649e-11
Event 390 details:
  Total number of particles for clustering: 2195
  Number of thermal particles: 727
  Event weight: 1.96625e-09
Event 400 details:
  Total number of particles for clustering: 3298
  Number of thermal particles: 1118
  Event weight: 7.93164e-12
Event 410 details:
  Total number of particles for clustering: 1575
  Number of thermal particles: 460
  Event weight: 2.71515e-12
Event 420 details:
  Total number of particles for clustering: 1598
  Number of thermal particles: 531
  Event weight: 3.11001e-09
Event 430 details:
  Total number of particles for clustering: 1852
  Number of thermal particles: 611
  Event weight: 3.75209e-13
Event 440 details:
  Total number of particles for clustering: 4612
  Number of thermal particles: 1736
  Event weight: 2.62588e-14
Event 450 details:
  Total number of particles for clustering: 1448
  Number of thermal particles: 428
  Event weight: 5.3208e-14
Event 460 details:
  Total number of particles for clustering: 2239
  Number of thermal particles: 751
  Event weight: 2.75409e-10
Event 470 details:
  Total number of particles for clustering: 1806
  Number of thermal particles: 562
  Event weight: 1.24673e-10
Event 480 details:
  Total number of particles for clustering: 3142
  Number of thermal particles: 1052
  Event weight: 6.93536e-11
Event 490 details:
  Total number of particles for clustering: 1348
  Number of thermal particles: 435
  Event weight: 1.71106e-10
Event 500 details:
  Total number of particles for clustering: 2722
  Number of thermal particles: 891
  Event weight: 6.76942e-13
Event 510 details:
  Total number of particles for clustering: 1050
  Number of thermal particles: 328
  Event weight: 3.82202e-09
Event 520 details:
  Total number of particles for clustering: 611
  Number of thermal particles: 151
  Event weight: 6.93018e-10
Event 530 details:
  Total number of particles for clustering: 1981
  Number of thermal particles: 641
  Event weight: 2.39413e-11
Event 540 details:
  Total number of particles for clustering: 1167
  Number of thermal particles: 343
  Event weight: 1.08445e-09
Event 550 details:
  Total number of particles for clustering: 1411
  Number of thermal particles: 467
  Event weight: 5.59861e-09
Event 560 details:
  Total number of particles for clustering: 1059
  Number of thermal particles: 322
  Event weight: 1.37265e-12
Event 570 details:
  Total number of particles for clustering: 1264
  Number of thermal particles: 386
  Event weight: 3.37583e-09
Event 580 details:
  Total number of particles for clustering: 1737
  Number of thermal particles: 526
  Event weight: 3.64421e-12
Event 590 details:
  Total number of particles for clustering: 2308
  Number of thermal particles: 704
  Event weight: 1.92629e-10
Event 600 details:
  Total number of particles for clustering: 1273
  Number of thermal particles: 384
  Event weight: 1.45771e-13
Event 610 details:
  Total number of particles for clustering: 2699
  Number of thermal particles: 872
  Event weight: 3.47241e-12
Event 620 details:
  Total number of particles for clustering: 2688
  Number of thermal particles: 936
  Event weight: 1.7231e-12
Event 630 details:
  Total number of particles for clustering: 1824
  Number of thermal particles: 648
  Event weight: 2.88476e-09
Event 640 details:
  Total number of particles for clustering: 3078
  Number of thermal particles: 1021
  Event weight: 2.69819e-12
Event 650 details:
  Total number of particles for clustering: 1737
  Number of thermal particles: 585
  Event weight: 2.09556e-14
Event 660 details:
  Total number of particles for clustering: 2516
  Number of thermal particles: 837
  Event weight: 5.28848e-11
Event 670 details:
  Total number of particles for clustering: 2351
  Number of thermal particles: 752
  Event weight: 1.76558e-13
Event 680 details:
  Total number of particles for clustering: 1709
  Number of thermal particles: 565
  Event weight: 3.07416e-10
Event 690 details:
  Total number of particles for clustering: 792
  Number of thermal particles: 267
  Event weight: 7.1884e-09
Event 700 details:
  Total number of particles for clustering: 2150
  Number of thermal particles: 711
  Event weight: 1.96947e-14
Event 710 details:
  Total number of particles for clustering: 778
  Number of thermal particles: 240
  Event weight: 1.42118e-09
Event 720 details:
  Total number of particles for clustering: 1331
  Number of thermal particles: 468
  Event weight: 4.92482e-09
Event 730 details:
  Total number of particles for clustering: 1219
  Number of thermal particles: 351
  Event weight: 2.96073e-10
Event 740 details:
  Total number of particles for clustering: 2473
  Number of thermal particles: 791
  Event weight: 8.88075e-13
Event 750 details:
  Total number of particles for clustering: 784
  Number of thermal particles: 215
  Event weight: 2.37138e-11
Event 760 details:
  Total number of particles for clustering: 2363
  Number of thermal particles: 748
  Event weight: 2.37533e-12
Event 770 details:
  Total number of particles for clustering: 2894
  Number of thermal particles: 1151
  Event weight: 1.26215e-14
Event 780 details:
  Total number of particles for clustering: 1225
  Number of thermal particles: 399
  Event weight: 1.01045e-14
Event 790 details:
  Total number of particles for clustering: 1586
  Number of thermal particles: 486
  Event weight: 1.24092e-14
Event 800 details:
  Total number of particles for clustering: 3229
  Number of thermal particles: 1081
  Event weight: 1.19282e-10
Event 810 details:
  Total number of particles for clustering: 1965
  Number of thermal particles: 662
  Event weight: 7.23244e-10
Event 820 details:
  Total number of particles for clustering: 2943
  Number of thermal particles: 1138
  Event weight: 5.84909e-11
Event 830 details:
  Total number of particles for clustering: 2326
  Number of thermal particles: 731
  Event weight: 3.20927e-13
Event 840 details:
  Total number of particles for clustering: 2877
  Number of thermal particles: 1064
  Event weight: 3.52182e-13
Event 850 details:
  Total number of particles for clustering: 3648
  Number of thermal particles: 1647
  Event weight: 1.09964e-12
Event 860 details:
  Total number of particles for clustering: 1267
  Number of thermal particles: 388
  Event weight: 1.07872e-11
Event 870 details:
  Total number of particles for clustering: 1266
  Number of thermal particles: 431
  Event weight: 6.91688e-09
Event 880 details:
  Total number of particles for clustering: 2385
  Number of thermal particles: 847
  Event weight: 7.60181e-14
Event 890 details:
  Total number of particles for clustering: 1890
  Number of thermal particles: 597
  Event weight: 6.38238e-13
Event 900 details:
  Total number of particles for clustering: 2401
  Number of thermal particles: 783
  Event weight: 1.89667e-12
Event 910 details:
  Total number of particles for clustering: 2149
  Number of thermal particles: 691
  Event weight: 2.79976e-13
Event 920 details:
  Total number of particles for clustering: 2075
  Number of thermal particles: 689
  Event weight: 1.67164e-10
Event 930 details:
  Total number of particles for clustering: 2141
  Number of thermal particles: 663
  Event weight: 5.16184e-15
Event 940 details:
  Total number of particles for clustering: 1660
  Number of thermal particles: 505
  Event weight: 2.07293e-13
Event 950 details:
  Total number of particles for clustering: 2071
  Number of thermal particles: 676
  Event weight: 3.56402e-14
Event 960 details:
  Total number of particles for clustering: 2264
  Number of thermal particles: 769
  Event weight: 5.581e-12
Event 970 details:
  Total number of particles for clustering: 2029
  Number of thermal particles: 629
  Event weight: 1.98919e-13
Event 980 details:
  Total number of particles for clustering: 922
  Number of thermal particles: 272
  Event weight: 1.69793e-09
Event 990 details:
  Total number of particles for clustering: 1459
  Number of thermal particles: 466
  Event weight: 1.08979e-10
Processing event 1000 / 9999
  Number of JEWEL particles: 4233
Event 1000 details:
  Total number of particles for clustering: 3153
  Number of thermal particles: 1078
  Event weight: 1.10532e-13
Processed 1000 events.
Event 1010 details:
  Total number of particles for clustering: 2295
  Number of thermal particles: 745
  Event weight: 1.19578e-12
Event 1020 details:
  Total number of particles for clustering: 2009
  Number of thermal particles: 617
  Event weight: 1.05233e-14
Event 1030 details:
  Total number of particles for clustering: 1921
  Number of thermal particles: 638
  Event weight: 1.17412e-09
Event 1040 details:
  Total number of particles for clustering: 3324
  Number of thermal particles: 1157
  Event weight: 2.64074e-12
Event 1050 details:
  Total number of particles for clustering: 2371
  Number of thermal particles: 835
  Event weight: 3.81736e-10
Event 1060 details:
  Total number of particles for clustering: 3176
  Number of thermal particles: 1041
  Event weight: 6.35367e-14
Event 1070 details:
  Total number of particles for clustering: 2296
  Number of thermal particles: 689
  Event weight: 1.52823e-12
Event 1080 details:
  Total number of particles for clustering: 3849
  Number of thermal particles: 1326
  Event weight: 1.22165e-11
Event 1090 details:
  Total number of particles for clustering: 3097
  Number of thermal particles: 1090
  Event weight: 1.78863e-13
Event 1100 details:
  Total number of particles for clustering: 2744
  Number of thermal particles: 934
  Event weight: 2.41381e-10
Event 1110 details:
  Total number of particles for clustering: 1257
  Number of thermal particles: 362
  Event weight: 2.69401e-14
Event 1120 details:
  Total number of particles for clustering: 2739
  Number of thermal particles: 919
  Event weight: 3.8011e-11
Event 1130 details:
  Total number of particles for clustering: 1883
  Number of thermal particles: 635
  Event weight: 4.47251e-09
Event 1140 details:
  Total number of particles for clustering: 2017
  Number of thermal particles: 655
  Event weight: 7.23994e-12
Event 1150 details:
  Total number of particles for clustering: 1697
  Number of thermal particles: 535
  Event weight: 1.86341e-11
Event 1160 details:
  Total number of particles for clustering: 1507
  Number of thermal particles: 495
  Event weight: 1.49946e-12
Event 1170 details:
  Total number of particles for clustering: 1534
  Number of thermal particles: 527
  Event weight: 4.02126e-13
Event 1180 details:
  Total number of particles for clustering: 798
  Number of thermal particles: 222
  Event weight: 1.08359e-09
Event 1190 details:
  Total number of particles for clustering: 4145
  Number of thermal particles: 1331
  Event weight: 5.7458e-13
Event 1200 details:
  Total number of particles for clustering: 2288
  Number of thermal particles: 875
  Event weight: 3.67701e-14
Event 1210 details:
  Total number of particles for clustering: 1791
  Number of thermal particles: 564
  Event weight: 1.50574e-13
Event 1220 details:
  Total number of particles for clustering: 1319
  Number of thermal particles: 435
  Event weight: 7.37263e-09
Event 1230 details:
  Total number of particles for clustering: 2254
  Number of thermal particles: 728
  Event weight: 4.51966e-12
Event 1240 details:
  Total number of particles for clustering: 2652
  Number of thermal particles: 841
  Event weight: 1.43976e-13
Event 1250 details:
  Total number of particles for clustering: 1817
  Number of thermal particles: 720
  Event weight: 4.49754e-13
Event 1260 details:
  Total number of particles for clustering: 2420
  Number of thermal particles: 787
  Event weight: 1.56294e-12
Event 1270 details:
  Total number of particles for clustering: 4180
  Number of thermal particles: 1433
  Event weight: 1.28006e-11
Event 1280 details:
  Total number of particles for clustering: 823
  Number of thermal particles: 241
  Event weight: 2.78149e-14
Event 1290 details:
  Total number of particles for clustering: 2008
  Number of thermal particles: 658
  Event weight: 2.15045e-10
Event 1300 details:
  Total number of particles for clustering: 2504
  Number of thermal particles: 828
  Event weight: 1.10712e-12
Event 1310 details:
  Total number of particles for clustering: 1762
  Number of thermal particles: 614
  Event weight: 1.29493e-10
Event 1320 details:
  Total number of particles for clustering: 1709
  Number of thermal particles: 503
  Event weight: 4.2341e-11
Event 1330 details:
  Total number of particles for clustering: 2393
  Number of thermal particles: 956
  Event weight: 5.18285e-14
Event 1340 details:
  Total number of particles for clustering: 1169
  Number of thermal particles: 367
  Event weight: 3.29835e-13
Event 1350 details:
  Total number of particles for clustering: 1685
  Number of thermal particles: 869
  Event weight: 2.31069e-14
Event 1360 details:
  Total number of particles for clustering: 1420
  Number of thermal particles: 414
  Event weight: 3.8592e-11
Event 1370 details:
  Total number of particles for clustering: 5992
  Number of thermal particles: 2306
  Event weight: 1.59172e-13
Event 1380 details:
  Total number of particles for clustering: 1619
  Number of thermal particles: 522
  Event weight: 1.3733e-11
Event 1390 details:
  Total number of particles for clustering: 3154
  Number of thermal particles: 1029
  Event weight: 6.70273e-13
Event 1400 details:
  Total number of particles for clustering: 656
  Number of thermal particles: 193
  Event weight: 1.8546e-13
Event 1410 details:
  Total number of particles for clustering: 549
  Number of thermal particles: 138
  Event weight: 6.92227e-09
Event 1420 details:
  Total number of particles for clustering: 1900
  Number of thermal particles: 664
  Event weight: 2.4393e-11
Event 1430 details:
  Total number of particles for clustering: 1544
  Number of thermal particles: 461
  Event weight: 6.08302e-11
Event 1440 details:
  Total number of particles for clustering: 2934
  Number of thermal particles: 948
  Event weight: 8.44455e-13
Event 1450 details:
  Total number of particles for clustering: 831
  Number of thermal particles: 254
  Event weight: 1.44979e-10
Event 1460 details:
  Total number of particles for clustering: 2478
  Number of thermal particles: 992
  Event weight: 4.69221e-11
Event 1470 details:
  Total number of particles for clustering: 1533
  Number of thermal particles: 489
  Event weight: 1.18655e-09
Event 1480 details:
  Total number of particles for clustering: 1742
  Number of thermal particles: 547
  Event weight: 4.38787e-12
Event 1490 details:
  Total number of particles for clustering: 1528
  Number of thermal particles: 482
  Event weight: 3.99366e-10
Event 1500 details:
  Total number of particles for clustering: 1420
  Number of thermal particles: 604
  Event weight: 2.11535e-11
Event 1510 details:
  Total number of particles for clustering: 461
  Number of thermal particles: 105
  Event weight: 9.43038e-11
Event 1520 details:
  Total number of particles for clustering: 1829
  Number of thermal particles: 537
  Event weight: 2.58946e-13
Event 1530 details:
  Total number of particles for clustering: 2035
  Number of thermal particles: 672
  Event weight: 1.37552e-09
Event 1540 details:
  Total number of particles for clustering: 1850
  Number of thermal particles: 579
  Event weight: 2.53608e-11
Event 1550 details:
  Total number of particles for clustering: 2810
  Number of thermal particles: 1037
  Event weight: 4.83973e-13
Event 1560 details:
  Total number of particles for clustering: 1954
  Number of thermal particles: 631
  Event weight: 3.35684e-11
Event 1570 details:
  Total number of particles for clustering: 2653
  Number of thermal particles: 891
  Event weight: 6.61784e-13
Event 1580 details:
  Total number of particles for clustering: 2806
  Number of thermal particles: 931
  Event weight: 3.97156e-12
Event 1590 details:
  Total number of particles for clustering: 3686
  Number of thermal particles: 1192
  Event weight: 1.13708e-12
Event 1600 details:
  Total number of particles for clustering: 2536
  Number of thermal particles: 828
  Event weight: 1.31837e-11
Event 1610 details:
  Total number of particles for clustering: 3518
  Number of thermal particles: 1139
  Event weight: 2.77518e-12
Event 1620 details:
  Total number of particles for clustering: 1696
  Number of thermal particles: 545
  Event weight: 6.74487e-10
Event 1630 details:
  Total number of particles for clustering: 1350
  Number of thermal particles: 579
  Event weight: 8.07573e-12
Event 1640 details:
  Total number of particles for clustering: 1914
  Number of thermal particles: 596
  Event weight: 6.25442e-10
Event 1650 details:
  Total number of particles for clustering: 1390
  Number of thermal particles: 457
  Event weight: 2.33235e-09
Event 1660 details:
  Total number of particles for clustering: 1821
  Number of thermal particles: 589
  Event weight: 4.32799e-10
Event 1670 details:
  Total number of particles for clustering: 1964
  Number of thermal particles: 616
  Event weight: 9.86142e-14
Event 1680 details:
  Total number of particles for clustering: 1856
  Number of thermal particles: 601
  Event weight: 2.41965e-11
Event 1690 details:
  Total number of particles for clustering: 1755
  Number of thermal particles: 505
  Event weight: 1.54582e-13
Event 1700 details:
  Total number of particles for clustering: 2184
  Number of thermal particles: 735
  Event weight: 1.30014e-10
Event 1710 details:
  Total number of particles for clustering: 1565
  Number of thermal particles: 534
  Event weight: 5.94214e-12
Event 1720 details:
  Total number of particles for clustering: 1065
  Number of thermal particles: 370
  Event weight: 4.99752e-09
Event 1730 details:
  Total number of particles for clustering: 1953
  Number of thermal particles: 602
  Event weight: 2.85842e-10
Event 1740 details:
  Total number of particles for clustering: 2252
  Number of thermal particles: 708
  Event weight: 7.57655e-11
Event 1750 details:
  Total number of particles for clustering: 3678
  Number of thermal particles: 1272
  Event weight: 4.85375e-11
Event 1760 details:
  Total number of particles for clustering: 1048
  Number of thermal particles: 330
  Event weight: 8.60502e-09
Event 1770 details:
  Total number of particles for clustering: 541
  Number of thermal particles: 153
  Event weight: 3.37129e-11
Event 1780 details:
  Total number of particles for clustering: 789
  Number of thermal particles: 220
  Event weight: 1.84705e-10
Event 1790 details:
  Total number of particles for clustering: 748
  Number of thermal particles: 235
  Event weight: 6.97418e-09
Event 1800 details:
  Total number of particles for clustering: 1809
  Number of thermal particles: 529
  Event weight: 3.90078e-12
Event 1810 details:
  Total number of particles for clustering: 2392
  Number of thermal particles: 913
  Event weight: 7.19878e-14
Event 1820 details:
  Total number of particles for clustering: 1555
  Number of thermal particles: 531
  Event weight: 4.86868e-11
Event 1830 details:
  Total number of particles for clustering: 1792
  Number of thermal particles: 555
  Event weight: 4.23209e-12
Event 1840 details:
  Total number of particles for clustering: 1911
  Number of thermal particles: 624
  Event weight: 1.39442e-11
Event 1850 details:
  Total number of particles for clustering: 2356
  Number of thermal particles: 956
  Event weight: 1.62036e-13
Event 1860 details:
  Total number of particles for clustering: 1387
  Number of thermal particles: 452
  Event weight: 6.81848e-09
Event 1870 details:
  Total number of particles for clustering: 2353
  Number of thermal particles: 742
  Event weight: 1.07476e-12
Event 1880 details:
  Total number of particles for clustering: 1512
  Number of thermal particles: 476
  Event weight: 1.89901e-11
Event 1890 details:
  Total number of particles for clustering: 1723
  Number of thermal particles: 547
  Event weight: 2.87601e-13
Event 1900 details:
  Total number of particles for clustering: 2426
  Number of thermal particles: 792
  Event weight: 5.93234e-12
Event 1910 details:
  Total number of particles for clustering: 1641
  Number of thermal particles: 533
  Event weight: 3.62533e-10
Event 1920 details:
  Total number of particles for clustering: 1162
  Number of thermal particles: 367
  Event weight: 3.55617e-11
Event 1930 details:
  Total number of particles for clustering: 1250
  Number of thermal particles: 384
  Event weight: 9.90837e-13
Event 1940 details:
  Total number of particles for clustering: 1741
  Number of thermal particles: 584
  Event weight: 1.44799e-09
Event 1950 details:
  Total number of particles for clustering: 1795
  Number of thermal particles: 612
  Event weight: 4.22725e-10
Event 1960 details:
  Total number of particles for clustering: 1475
  Number of thermal particles: 485
  Event weight: 3.14086e-14
Event 1970 details:
  Total number of particles for clustering: 1640
  Number of thermal particles: 556
  Event weight: 2.25228e-11
Event 1980 details:
  Total number of particles for clustering: 2091
  Number of thermal particles: 653
  Event weight: 1.38778e-13
Event 1990 details:
  Total number of particles for clustering: 2864
  Number of thermal particles: 992
  Event weight: 2.01717e-11
Processing event 2000 / 9999
  Number of JEWEL particles: 2335
Event 2000 details:
  Total number of particles for clustering: 1741
  Number of thermal particles: 592
  Event weight: 1.94941e-13
Processed 2000 events.
Event 2010 details:
  Total number of particles for clustering: 1550
  Number of thermal particles: 494
  Event weight: 1.2268e-09
Event 2020 details:
  Total number of particles for clustering: 1204
  Number of thermal particles: 407
  Event weight: 2.91146e-10
Event 2030 details:
  Total number of particles for clustering: 1198
  Number of thermal particles: 352
  Event weight: 7.23044e-12
Event 2040 details:
  Total number of particles for clustering: 1987
  Number of thermal particles: 630
  Event weight: 2.30494e-11
Event 2050 details:
  Total number of particles for clustering: 1174
  Number of thermal particles: 392
  Event weight: 9.47621e-10
Event 2060 details:
  Total number of particles for clustering: 2005
  Number of thermal particles: 681
  Event weight: 3.03494e-13
Event 2070 details:
  Total number of particles for clustering: 1621
  Number of thermal particles: 743
  Event weight: 1.19617e-14
Event 2080 details:
  Total number of particles for clustering: 919
  Number of thermal particles: 267
  Event weight: 4.79353e-12
Event 2090 details:
  Total number of particles for clustering: 1044
  Number of thermal particles: 322
  Event weight: 3.46431e-12
Event 2100 details:
  Total number of particles for clustering: 2009
  Number of thermal particles: 646
  Event weight: 5.89432e-12
Event 2110 details:
  Total number of particles for clustering: 1649
  Number of thermal particles: 492
  Event weight: 4.53081e-12
Event 2120 details:
  Total number of particles for clustering: 107
  Number of thermal particles: 0
  Event weight: 2.56456e-11
Event 2130 details:
  Total number of particles for clustering: 1896
  Number of thermal particles: 692
  Event weight: 9.07559e-13
Event 2140 details:
  Total number of particles for clustering: 1624
  Number of thermal particles: 501
  Event weight: 1.22182e-15
Event 2150 details:
  Total number of particles for clustering: 797
  Number of thermal particles: 257
  Event weight: 3.93871e-10
Event 2160 details:
  Total number of particles for clustering: 1976
  Number of thermal particles: 701
  Event weight: 5.54166e-11
Event 2170 details:
  Total number of particles for clustering: 2153
  Number of thermal particles: 736
  Event weight: 1.4293e-14
Event 2180 details:
  Total number of particles for clustering: 1278
  Number of thermal particles: 405
  Event weight: 1.31653e-14
Event 2190 details:
  Total number of particles for clustering: 1297
  Number of thermal particles: 400
  Event weight: 5.33327e-15
Event 2200 details:
  Total number of particles for clustering: 798
  Number of thermal particles: 234
  Event weight: 1.35374e-09
Event 2210 details:
  Total number of particles for clustering: 2119
  Number of thermal particles: 671
  Event weight: 4.62793e-12
Event 2220 details:
  Total number of particles for clustering: 3274
  Number of thermal particles: 1196
  Event weight: 3.86548e-15
Event 2230 details:
  Total number of particles for clustering: 2491
  Number of thermal particles: 787
  Event weight: 9.69109e-15
Event 2240 details:
  Total number of particles for clustering: 690
  Number of thermal particles: 188
  Event weight: 9.12629e-09
Event 2250 details:
  Total number of particles for clustering: 2287
  Number of thermal particles: 990
  Event weight: 3.74256e-12
Event 2260 details:
  Total number of particles for clustering: 2879
  Number of thermal particles: 1017
  Event weight: 5.41423e-13
Event 2270 details:
  Total number of particles for clustering: 1856
  Number of thermal particles: 578
  Event weight: 3.60046e-14
Event 2280 details:
  Total number of particles for clustering: 677
  Number of thermal particles: 151
  Event weight: 3.65074e-12
Event 2290 details:
  Total number of particles for clustering: 1120
  Number of thermal particles: 334
  Event weight: 9.66831e-10
Event 2300 details:
  Total number of particles for clustering: 3058
  Number of thermal particles: 1045
  Event weight: 1.12289e-11
Event 2310 details:
  Total number of particles for clustering: 2970
  Number of thermal particles: 1077
  Event weight: 1.64061e-13
Event 2320 details:
  Total number of particles for clustering: 3000
  Number of thermal particles: 1040
  Event weight: 9.17252e-11
Event 2330 details:
  Total number of particles for clustering: 2548
  Number of thermal particles: 793
  Event weight: 5.03092e-13
Event 2340 details:
  Total number of particles for clustering: 1551
  Number of thermal particles: 452
  Event weight: 2.13991e-12
Event 2350 details:
  Total number of particles for clustering: 1087
  Number of thermal particles: 321
  Event weight: 2.77724e-12
Event 2360 details:
  Total number of particles for clustering: 2118
  Number of thermal particles: 705
  Event weight: 5.30672e-14
Event 2370 details:
  Total number of particles for clustering: 1382
  Number of thermal particles: 452
  Event weight: 2.34993e-10
Event 2380 details:
  Total number of particles for clustering: 2868
  Number of thermal particles: 1006
  Event weight: 1.67485e-11
Event 2390 details:
  Total number of particles for clustering: 2794
  Number of thermal particles: 934
  Event weight: 2.8314e-12
Event 2400 details:
  Total number of particles for clustering: 2373
  Number of thermal particles: 724
  Event weight: 1.92312e-13
Event 2410 details:
  Total number of particles for clustering: 1758
  Number of thermal particles: 596
  Event weight: 1.03474e-12
Event 2420 details:
  Total number of particles for clustering: 2314
  Number of thermal particles: 737
  Event weight: 9.99501e-14
Event 2430 details:
  Total number of particles for clustering: 1416
  Number of thermal particles: 446
  Event weight: 2.01934e-10
Event 2440 details:
  Total number of particles for clustering: 1157
  Number of thermal particles: 337
  Event weight: 6.52039e-13
Event 2450 details:
  Total number of particles for clustering: 2513
  Number of thermal particles: 880
  Event weight: 2.69077e-09
Event 2460 details:
  Total number of particles for clustering: 1158
  Number of thermal particles: 375
  Event weight: 2.84148e-11
Event 2470 details:
  Total number of particles for clustering: 2168
  Number of thermal particles: 727
  Event weight: 1.25845e-09
Event 2480 details:
  Total number of particles for clustering: 2363
  Number of thermal particles: 777
  Event weight: 5.12425e-13
Event 2490 details:
  Total number of particles for clustering: 814
  Number of thermal particles: 207
  Event weight: 2.81737e-10
Event 2500 details:
  Total number of particles for clustering: 1487
  Number of thermal particles: 498
  Event weight: 1.98561e-11
Event 2510 details:
  Total number of particles for clustering: 2376
  Number of thermal particles: 997
  Event weight: 2.40321e-12
Event 2520 details:
  Total number of particles for clustering: 1666
  Number of thermal particles: 518
  Event weight: 1.16727e-10
Event 2530 details:
  Total number of particles for clustering: 2328
  Number of thermal particles: 817
  Event weight: 1.16098e-11
Event 2540 details:
  Total number of particles for clustering: 2875
  Number of thermal particles: 915
  Event weight: 1.70492e-14
Event 2550 details:
  Total number of particles for clustering: 2785
  Number of thermal particles: 1010
  Event weight: 1.21253e-09
Event 2560 details:
  Total number of particles for clustering: 2200
  Number of thermal particles: 737
  Event weight: 1.78187e-11
Event 2570 details:
  Total number of particles for clustering: 2987
  Number of thermal particles: 1101
  Event weight: 2.95286e-14
Event 2580 details:
  Total number of particles for clustering: 1934
  Number of thermal particles: 615
  Event weight: 9.48319e-11
Event 2590 details:
  Total number of particles for clustering: 1810
  Number of thermal particles: 588
  Event weight: 1.37917e-12
Event 2600 details:
  Total number of particles for clustering: 3607
  Number of thermal particles: 1235
  Event weight: 7.05166e-10
Event 2610 details:
  Total number of particles for clustering: 1286
  Number of thermal particles: 416
  Event weight: 5.49189e-10
Event 2620 details:
  Total number of particles for clustering: 2229
  Number of thermal particles: 726
  Event weight: 2.21778e-12
Event 2630 details:
  Total number of particles for clustering: 3525
  Number of thermal particles: 1488
  Event weight: 1.48206e-14
Event 2640 details:
  Total number of particles for clustering: 2140
  Number of thermal particles: 670
  Event weight: 6.27445e-14
Event 2650 details:
  Total number of particles for clustering: 3383
  Number of thermal particles: 1125
  Event weight: 3.87515e-11
Event 2660 details:
  Total number of particles for clustering: 1681
  Number of thermal particles: 557
  Event weight: 4.72074e-11
Event 2670 details:
  Total number of particles for clustering: 1468
  Number of thermal particles: 492
  Event weight: 4.89795e-14
Event 2680 details:
  Total number of particles for clustering: 1644
  Number of thermal particles: 518
  Event weight: 5.21753e-15
Event 2690 details:
  Total number of particles for clustering: 2870
  Number of thermal particles: 967
  Event weight: 2.75223e-11
Event 2700 details:
  Total number of particles for clustering: 1453
  Number of thermal particles: 438
  Event weight: 2.90893e-11
Event 2710 details:
  Total number of particles for clustering: 1258
  Number of thermal particles: 407
  Event weight: 7.06589e-09
Event 2720 details:
  Total number of particles for clustering: 1680
  Number of thermal particles: 557
  Event weight: 6.35946e-11
Event 2730 details:
  Total number of particles for clustering: 1212
  Number of thermal particles: 375
  Event weight: 1.56066e-11
Event 2740 details:
  Total number of particles for clustering: 2287
  Number of thermal particles: 706
  Event weight: 2.88006e-15
Event 2750 details:
  Total number of particles for clustering: 508
  Number of thermal particles: 128
  Event weight: 1.18273e-12
Event 2760 details:
  Total number of particles for clustering: 2776
  Number of thermal particles: 982
  Event weight: 1.12075e-12
Event 2770 details:
  Total number of particles for clustering: 2180
  Number of thermal particles: 702
  Event weight: 3.11109e-11
Event 2780 details:
  Total number of particles for clustering: 1312
  Number of thermal particles: 395
  Event weight: 6.34782e-11
Event 2790 details:
  Total number of particles for clustering: 1806
  Number of thermal particles: 766
  Event weight: 3.28741e-12
Event 2800 details:
  Total number of particles for clustering: 2203
  Number of thermal particles: 739
  Event weight: 1.58555e-10
Event 2810 details:
  Total number of particles for clustering: 1965
  Number of thermal particles: 618
  Event weight: 3.89343e-13
Event 2820 details:
  Total number of particles for clustering: 2156
  Number of thermal particles: 685
  Event weight: 2.6662e-10
Event 2830 details:
  Total number of particles for clustering: 1785
  Number of thermal particles: 600
  Event weight: 5.88746e-09
Event 2840 details:
  Total number of particles for clustering: 1704
  Number of thermal particles: 533
  Event weight: 2.29896e-10
Event 2850 details:
  Total number of particles for clustering: 2499
  Number of thermal particles: 801
  Event weight: 1.27672e-11
Event 2860 details:
  Total number of particles for clustering: 2244
  Number of thermal particles: 748
  Event weight: 2.20188e-13
Event 2870 details:
  Total number of particles for clustering: 1413
  Number of thermal particles: 427
  Event weight: 7.71774e-14
Event 2880 details:
  Total number of particles for clustering: 1139
  Number of thermal particles: 333
  Event weight: 1.95064e-13
Event 2890 details:
  Total number of particles for clustering: 1526
  Number of thermal particles: 663
  Event weight: 9.41984e-13
Event 2900 details:
  Total number of particles for clustering: 2434
  Number of thermal particles: 891
  Event weight: 4.48006e-13
Event 2910 details:
  Total number of particles for clustering: 1248
  Number of thermal particles: 358
  Event weight: 2.47496e-12
Event 2920 details:
  Total number of particles for clustering: 1862
  Number of thermal particles: 611
  Event weight: 2.31677e-12
Event 2930 details:
  Total number of particles for clustering: 1920
  Number of thermal particles: 658
  Event weight: 2.0165e-10
Event 2940 details:
  Total number of particles for clustering: 1829
  Number of thermal particles: 587
  Event weight: 1.06102e-11
Event 2950 details:
  Total number of particles for clustering: 2176
  Number of thermal particles: 740
  Event weight: 1.19291e-12
Event 2960 details:
  Total number of particles for clustering: 1453
  Number of thermal particles: 466
  Event weight: 8.33056e-09
Event 2970 details:
  Total number of particles for clustering: 1781
  Number of thermal particles: 596
  Event weight: 7.87521e-13
Event 2980 details:
  Total number of particles for clustering: 1257
  Number of thermal particles: 536
  Event weight: 3.16807e-12
Event 2990 details:
  Total number of particles for clustering: 3303
  Number of thermal particles: 1157
  Event weight: 3.46311e-13
Processing event 3000 / 9999
  Number of JEWEL particles: 1243
Event 3000 details:
  Total number of particles for clustering: 969
  Number of thermal particles: 272
  Event weight: 1.214e-12
Processed 3000 events.
Event 3010 details:
  Total number of particles for clustering: 4077
  Number of thermal particles: 1329
  Event weight: 2.75637e-15
Event 3020 details:
  Total number of particles for clustering: 796
  Number of thermal particles: 223
  Event weight: 7.10265e-09
Event 3030 details:
  Total number of particles for clustering: 1603
  Number of thermal particles: 523
  Event weight: 3.89309e-13
Event 3040 details:
  Total number of particles for clustering: 845
  Number of thermal particles: 387
  Event weight: 1.67002e-10
Event 3050 details:
  Total number of particles for clustering: 858
  Number of thermal particles: 254
  Event weight: 2.28623e-11
Event 3060 details:
  Total number of particles for clustering: 1662
  Number of thermal particles: 528
  Event weight: 1.37724e-13
Event 3070 details:
  Total number of particles for clustering: 1119
  Number of thermal particles: 383
  Event weight: 2.54237e-10
Event 3080 details:
  Total number of particles for clustering: 3089
  Number of thermal particles: 949
  Event weight: 1.15281e-12
Event 3090 details:
  Total number of particles for clustering: 3698
  Number of thermal particles: 1226
  Event weight: 1.8572e-13
Event 3100 details:
  Total number of particles for clustering: 1298
  Number of thermal particles: 410
  Event weight: 7.33372e-10
Event 3110 details:
  Total number of particles for clustering: 879
  Number of thermal particles: 271
  Event weight: 2.04646e-10
Event 3120 details:
  Total number of particles for clustering: 2619
  Number of thermal particles: 891
  Event weight: 1.36317e-11
Event 3130 details:
  Total number of particles for clustering: 2119
  Number of thermal particles: 698
  Event weight: 2.89655e-11
Event 3140 details:
  Total number of particles for clustering: 1705
  Number of thermal particles: 561
  Event weight: 3.00012e-09
Event 3150 details:
  Total number of particles for clustering: 2740
  Number of thermal particles: 1105
  Event weight: 3.15598e-12
Event 3160 details:
  Total number of particles for clustering: 1833
  Number of thermal particles: 621
  Event weight: 4.15652e-09
Event 3170 details:
  Total number of particles for clustering: 2472
  Number of thermal particles: 805
  Event weight: 1.23519e-12
Event 3180 details:
  Total number of particles for clustering: 1785
  Number of thermal particles: 563
  Event weight: 2.54549e-11
Event 3190 details:
  Total number of particles for clustering: 1585
  Number of thermal particles: 537
  Event weight: 2.76092e-13
Event 3200 details:
  Total number of particles for clustering: 1623
  Number of thermal particles: 510
  Event weight: 3.00796e-10
Event 3210 details:
  Total number of particles for clustering: 2146
  Number of thermal particles: 629
  Event weight: 2.18432e-13
Event 3220 details:
  Total number of particles for clustering: 2150
  Number of thermal particles: 706
  Event weight: 3.55265e-10
Event 3230 details:
  Total number of particles for clustering: 1495
  Number of thermal particles: 462
  Event weight: 1.19786e-11
Event 3240 details:
  Total number of particles for clustering: 2594
  Number of thermal particles: 864
  Event weight: 6.47559e-12
Event 3250 details:
  Total number of particles for clustering: 2172
  Number of thermal particles: 711
  Event weight: 5.24756e-14
Event 3260 details:
  Total number of particles for clustering: 1779
  Number of thermal particles: 575
  Event weight: 2.93251e-10
Event 3270 details:
  Total number of particles for clustering: 1650
  Number of thermal particles: 540
  Event weight: 5.23185e-10
Event 3280 details:
  Total number of particles for clustering: 2011
  Number of thermal particles: 670
  Event weight: 8.38281e-13
Event 3290 details:
  Total number of particles for clustering: 1128
  Number of thermal particles: 361
  Event weight: 5.16302e-09
Event 3300 details:
  Total number of particles for clustering: 2312
  Number of thermal particles: 762
  Event weight: 6.72776e-12
Event 3310 details:
  Total number of particles for clustering: 2115
  Number of thermal particles: 717
  Event weight: 8.74042e-12
Event 3320 details:
  Total number of particles for clustering: 1727
  Number of thermal particles: 553
  Event weight: 1.93245e-13
Event 3330 details:
  Total number of particles for clustering: 2262
  Number of thermal particles: 719
  Event weight: 3.49045e-12
Event 3340 details:
  Total number of particles for clustering: 2918
  Number of thermal particles: 973
  Event weight: 1.13844e-11
Event 3350 details:
  Total number of particles for clustering: 779
  Number of thermal particles: 206
  Event weight: 2.40561e-13
Event 3360 details:
  Total number of particles for clustering: 2479
  Number of thermal particles: 859
  Event weight: 2.40037e-10
Event 3370 details:
  Total number of particles for clustering: 1962
  Number of thermal particles: 630
  Event weight: 6.66641e-13
Event 3380 details:
  Total number of particles for clustering: 2201
  Number of thermal particles: 704
  Event weight: 8.05012e-12
Event 3390 details:
  Total number of particles for clustering: 2472
  Number of thermal particles: 848
  Event weight: 1.38409e-13
Event 3400 details:
  Total number of particles for clustering: 1673
  Number of thermal particles: 553
  Event weight: 5.97937e-10
Event 3410 details:
  Total number of particles for clustering: 1682
  Number of thermal particles: 551
  Event weight: 1.15634e-13
Event 3420 details:
  Total number of particles for clustering: 1049
  Number of thermal particles: 341
  Event weight: 9.68581e-14
Event 3430 details:
  Total number of particles for clustering: 1938
  Number of thermal particles: 646
  Event weight: 4.64016e-11
Event 3440 details:
  Total number of particles for clustering: 1247
  Number of thermal particles: 390
  Event weight: 2.02982e-11
Event 3450 details:
  Total number of particles for clustering: 1552
  Number of thermal particles: 499
  Event weight: 6.54227e-09
Event 3460 details:
  Total number of particles for clustering: 482
  Number of thermal particles: 113
  Event weight: 6.73852e-12
Event 3470 details:
  Total number of particles for clustering: 1663
  Number of thermal particles: 562
  Event weight: 5.5677e-10
Event 3480 details:
  Total number of particles for clustering: 1540
  Number of thermal particles: 499
  Event weight: 2.92093e-09
Event 3490 details:
  Total number of particles for clustering: 1844
  Number of thermal particles: 587
  Event weight: 1.79347e-10
Event 3500 details:
  Total number of particles for clustering: 2922
  Number of thermal particles: 929
  Event weight: 2.44481e-12
Event 3510 details:
  Total number of particles for clustering: 1447
  Number of thermal particles: 464
  Event weight: 2.56439e-09
Event 3520 details:
  Total number of particles for clustering: 2886
  Number of thermal particles: 974
  Event weight: 9.62982e-12
Event 3530 details:
  Total number of particles for clustering: 2073
  Number of thermal particles: 742
  Event weight: 8.31762e-10
Event 3540 details:
  Total number of particles for clustering: 2463
  Number of thermal particles: 818
  Event weight: 6.45802e-10
Event 3550 details:
  Total number of particles for clustering: 2909
  Number of thermal particles: 930
  Event weight: 5.78127e-12
Event 3560 details:
  Total number of particles for clustering: 1430
  Number of thermal particles: 456
  Event weight: 3.92314e-11
Event 3570 details:
  Total number of particles for clustering: 1090
  Number of thermal particles: 331
  Event weight: 5.32901e-09
Event 3580 details:
  Total number of particles for clustering: 1810
  Number of thermal particles: 587
  Event weight: 3.32692e-11
Event 3590 details:
  Total number of particles for clustering: 1902
  Number of thermal particles: 627
  Event weight: 1.47647e-11
Event 3600 details:
  Total number of particles for clustering: 4517
  Number of thermal particles: 1550
  Event weight: 2.79622e-11
Event 3610 details:
  Total number of particles for clustering: 2089
  Number of thermal particles: 669
  Event weight: 9.40224e-12
Event 3620 details:
  Total number of particles for clustering: 1517
  Number of thermal particles: 495
  Event weight: 7.73631e-14
Event 3630 details:
  Total number of particles for clustering: 1635
  Number of thermal particles: 551
  Event weight: 1.25253e-10
Event 3640 details:
  Total number of particles for clustering: 1724
  Number of thermal particles: 575
  Event weight: 4.92138e-10
Event 3650 details:
  Total number of particles for clustering: 2466
  Number of thermal particles: 800
  Event weight: 9.39016e-12
Event 3660 details:
  Total number of particles for clustering: 2836
  Number of thermal particles: 892
  Event weight: 8.92566e-13
Event 3670 details:
  Total number of particles for clustering: 839
  Number of thermal particles: 249
  Event weight: 3.59111e-09
Event 3680 details:
  Total number of particles for clustering: 1965
  Number of thermal particles: 687
  Event weight: 1.76713e-09
Event 3690 details:
  Total number of particles for clustering: 4153
  Number of thermal particles: 1351
  Event weight: 2.06948e-14
Event 3700 details:
  Total number of particles for clustering: 3070
  Number of thermal particles: 950
  Event weight: 1.79343e-14
Event 3710 details:
  Total number of particles for clustering: 1167
  Number of thermal particles: 374
  Event weight: 4.49151e-09
Event 3720 details:
  Total number of particles for clustering: 1529
  Number of thermal particles: 467
  Event weight: 5.82378e-14
Event 3730 details:
  Total number of particles for clustering: 4251
  Number of thermal particles: 1602
  Event weight: 5.71534e-13
Event 3740 details:
  Total number of particles for clustering: 2662
  Number of thermal particles: 871
  Event weight: 5.0974e-14
Event 3750 details:
  Total number of particles for clustering: 1664
  Number of thermal particles: 608
  Event weight: 1.36279e-15
Event 3760 details:
  Total number of particles for clustering: 1262
  Number of thermal particles: 397
  Event weight: 9.76984e-14
Event 3770 details:
  Total number of particles for clustering: 1438
  Number of thermal particles: 458
  Event weight: 1.60741e-09
Event 3780 details:
  Total number of particles for clustering: 1674
  Number of thermal particles: 547
  Event weight: 3.06711e-11
Event 3790 details:
  Total number of particles for clustering: 2792
  Number of thermal particles: 930
  Event weight: 7.83038e-16
Event 3800 details:
  Total number of particles for clustering: 2981
  Number of thermal particles: 999
  Event weight: 1.97873e-13
Event 3810 details:
  Total number of particles for clustering: 2149
  Number of thermal particles: 737
  Event weight: 2.96069e-11
Event 3820 details:
  Total number of particles for clustering: 1309
  Number of thermal particles: 362
  Event weight: 6.05703e-10
Event 3830 details:
  Total number of particles for clustering: 1561
  Number of thermal particles: 535
  Event weight: 4.48259e-10
Event 3840 details:
  Total number of particles for clustering: 1350
  Number of thermal particles: 396
  Event weight: 1.71222e-13
Event 3850 details:
  Total number of particles for clustering: 2492
  Number of thermal particles: 1040
  Event weight: 2.75591e-12
Event 3860 details:
  Total number of particles for clustering: 1878
  Number of thermal particles: 637
  Event weight: 2.49184e-09
Event 3870 details:
  Total number of particles for clustering: 1049
  Number of thermal particles: 321
  Event weight: 2.83865e-09
Event 3880 details:
  Total number of particles for clustering: 1896
  Number of thermal particles: 604
  Event weight: 2.4013e-11
Event 3890 details:
  Total number of particles for clustering: 2119
  Number of thermal particles: 697
  Event weight: 1.94566e-14
Event 3900 details:
  Total number of particles for clustering: 1116
  Number of thermal particles: 316
  Event weight: 2.11465e-11
Event 3910 details:
  Total number of particles for clustering: 2717
  Number of thermal particles: 915
  Event weight: 8.00082e-12
Event 3920 details:
  Total number of particles for clustering: 1510
  Number of thermal particles: 506
  Event weight: 1.29446e-11
Event 3930 details:
  Total number of particles for clustering: 3547
  Number of thermal particles: 1128
  Event weight: 7.05271e-15
Event 3940 details:
  Total number of particles for clustering: 2389
  Number of thermal particles: 791
  Event weight: 1.67152e-11
Event 3950 details:
  Total number of particles for clustering: 2029
  Number of thermal particles: 620
  Event weight: 5.96915e-11
Event 3960 details:
  Total number of particles for clustering: 1719
  Number of thermal particles: 588
  Event weight: 1.22369e-09
Event 3970 details:
  Total number of particles for clustering: 3098
  Number of thermal particles: 1064
  Event weight: 1.34779e-12
Event 3980 details:
  Total number of particles for clustering: 1981
  Number of thermal particles: 643
  Event weight: 4.49213e-13
Event 3990 details:
  Total number of particles for clustering: 3188
  Number of thermal particles: 1082
  Event weight: 6.37633e-11
Processing event 4000 / 9999
  Number of JEWEL particles: 4155
Event 4000 details:
  Total number of particles for clustering: 3132
  Number of thermal particles: 1021
  Event weight: 1.99264e-14
Processed 4000 events.
Event 4010 details:
  Total number of particles for clustering: 2627
  Number of thermal particles: 873
  Event weight: 1.67851e-12
Event 4020 details:
  Total number of particles for clustering: 3854
  Number of thermal particles: 1240
  Event weight: 9.32939e-13
Event 4030 details:
  Total number of particles for clustering: 1516
  Number of thermal particles: 478
  Event weight: 1.08682e-12
Event 4040 details:
  Total number of particles for clustering: 2234
  Number of thermal particles: 892
  Event weight: 6.58619e-12
Event 4050 details:
  Total number of particles for clustering: 2520
  Number of thermal particles: 958
  Event weight: 2.07423e-12
Event 4060 details:
  Total number of particles for clustering: 2670
  Number of thermal particles: 850
  Event weight: 2.81795e-15
Event 4070 details:
  Total number of particles for clustering: 1362
  Number of thermal particles: 460
  Event weight: 2.22248e-09
Event 4080 details:
  Total number of particles for clustering: 1452
  Number of thermal particles: 437
  Event weight: 8.50231e-10
Event 4090 details:
  Total number of particles for clustering: 1389
  Number of thermal particles: 424
  Event weight: 1.06279e-10
Event 4100 details:
  Total number of particles for clustering: 1130
  Number of thermal particles: 362
  Event weight: 2.34317e-09
Event 4110 details:
  Total number of particles for clustering: 2332
  Number of thermal particles: 749
  Event weight: 1.82538e-13
Event 4120 details:
  Total number of particles for clustering: 2361
  Number of thermal particles: 887
  Event weight: 4.34931e-13
Event 4130 details:
  Total number of particles for clustering: 2180
  Number of thermal particles: 718
  Event weight: 1.04829e-12
Event 4140 details:
  Total number of particles for clustering: 1199
  Number of thermal particles: 311
  Event weight: 4.82302e-14
Event 4150 details:
  Total number of particles for clustering: 1863
  Number of thermal particles: 624
  Event weight: 5.30275e-10
Event 4160 details:
  Total number of particles for clustering: 4330
  Number of thermal particles: 1461
  Event weight: 6.50348e-12
Event 4170 details:
  Total number of particles for clustering: 1744
  Number of thermal particles: 574
  Event weight: 5.22095e-10
Event 4180 details:
  Total number of particles for clustering: 1837
  Number of thermal particles: 612
  Event weight: 2.62911e-13
Event 4190 details:
  Total number of particles for clustering: 1247
  Number of thermal particles: 558
  Event weight: 2.95593e-10
Event 4200 details:
  Total number of particles for clustering: 1214
  Number of thermal particles: 385
  Event weight: 1.35927e-11
Event 4210 details:
  Total number of particles for clustering: 1146
  Number of thermal particles: 466
  Event weight: 8.03349e-12
Event 4220 details:
  Total number of particles for clustering: 1422
  Number of thermal particles: 478
  Event weight: 2.55799e-10
Event 4230 details:
  Total number of particles for clustering: 3088
  Number of thermal particles: 1043
  Event weight: 9.30163e-14
Event 4240 details:
  Total number of particles for clustering: 2696
  Number of thermal particles: 843
  Event weight: 2.73788e-14
Event 4250 details:
  Total number of particles for clustering: 2670
  Number of thermal particles: 839
  Event weight: 5.05633e-13
Event 4260 details:
  Total number of particles for clustering: 2898
  Number of thermal particles: 979
  Event weight: 2.90903e-14
Event 4270 details:
  Total number of particles for clustering: 1206
  Number of thermal particles: 363
  Event weight: 2.32527e-10
Event 4280 details:
  Total number of particles for clustering: 2801
  Number of thermal particles: 1136
  Event weight: 2.0689e-12
Event 4290 details:
  Total number of particles for clustering: 1100
  Number of thermal particles: 335
  Event weight: 5.61141e-10
Event 4300 details:
  Total number of particles for clustering: 2598
  Number of thermal particles: 1052
  Event weight: 6.81476e-12
Event 4310 details:
  Total number of particles for clustering: 2712
  Number of thermal particles: 910
  Event weight: 1.628e-12
Event 4320 details:
  Total number of particles for clustering: 1907
  Number of thermal particles: 633
  Event weight: 1.01934e-11
Event 4330 details:
  Total number of particles for clustering: 2464
  Number of thermal particles: 835
  Event weight: 5.25142e-12
Event 4340 details:
  Total number of particles for clustering: 2164
  Number of thermal particles: 832
  Event weight: 4.24189e-11
Event 4350 details:
  Total number of particles for clustering: 3585
  Number of thermal particles: 1209
  Event weight: 1.03362e-12
Event 4360 details:
  Total number of particles for clustering: 1614
  Number of thermal particles: 550
  Event weight: 1.54931e-11
Event 4370 details:
  Total number of particles for clustering: 1831
  Number of thermal particles: 577
  Event weight: 5.6608e-14
Event 4380 details:
  Total number of particles for clustering: 1400
  Number of thermal particles: 438
  Event weight: 1.6401e-10
Event 4390 details:
  Total number of particles for clustering: 3161
  Number of thermal particles: 1296
  Event weight: 1.2732e-13
Event 4400 details:
  Total number of particles for clustering: 3645
  Number of thermal particles: 1233
  Event weight: 6.28348e-11
Event 4410 details:
  Total number of particles for clustering: 1969
  Number of thermal particles: 668
  Event weight: 1.0462e-10
Event 4420 details:
  Total number of particles for clustering: 1857
  Number of thermal particles: 584
  Event weight: 1.36547e-14
Event 4430 details:
  Total number of particles for clustering: 1915
  Number of thermal particles: 632
  Event weight: 1.37858e-11
Event 4440 details:
  Total number of particles for clustering: 1053
  Number of thermal particles: 315
  Event weight: 2.8901e-13
Event 4450 details:
  Total number of particles for clustering: 1448
  Number of thermal particles: 426
  Event weight: 7.80668e-14
Event 4460 details:
  Total number of particles for clustering: 1288
  Number of thermal particles: 400
  Event weight: 1.24648e-12
Event 4470 details:
  Total number of particles for clustering: 1840
  Number of thermal particles: 579
  Event weight: 3.1404e-11
Event 4480 details:
  Total number of particles for clustering: 2131
  Number of thermal particles: 691
  Event weight: 1.31985e-11
Event 4490 details:
  Total number of particles for clustering: 1548
  Number of thermal particles: 492
  Event weight: 2.81329e-11
Event 4500 details:
  Total number of particles for clustering: 824
  Number of thermal particles: 227
  Event weight: 2.46311e-12
Event 4510 details:
  Total number of particles for clustering: 1288
  Number of thermal particles: 546
  Event weight: 2.36749e-12
Event 4520 details:
  Total number of particles for clustering: 1958
  Number of thermal particles: 656
  Event weight: 7.47492e-12
Event 4530 details:
  Total number of particles for clustering: 994
  Number of thermal particles: 301
  Event weight: 1.619e-12
Event 4540 details:
  Total number of particles for clustering: 2601
  Number of thermal particles: 885
  Event weight: 3.70486e-12
Event 4550 details:
  Total number of particles for clustering: 728
  Number of thermal particles: 194
  Event weight: 6.65784e-14
Event 4560 details:
  Total number of particles for clustering: 1022
  Number of thermal particles: 327
  Event weight: 5.01345e-09
Event 4570 details:
  Total number of particles for clustering: 2210
  Number of thermal particles: 711
  Event weight: 7.78373e-10
Event 4580 details:
  Total number of particles for clustering: 1374
  Number of thermal particles: 420
  Event weight: 6.33858e-14
Event 4590 details:
  Total number of particles for clustering: 1707
  Number of thermal particles: 566
  Event weight: 5.29698e-12
Event 4600 details:
  Total number of particles for clustering: 1669
  Number of thermal particles: 523
  Event weight: 4.37739e-12
Event 4610 details:
  Total number of particles for clustering: 1362
  Number of thermal particles: 431
  Event weight: 1.94081e-09
Event 4620 details:
  Total number of particles for clustering: 2017
  Number of thermal particles: 717
  Event weight: 7.33638e-09
Event 4630 details:
  Total number of particles for clustering: 857
  Number of thermal particles: 266
  Event weight: 4.16577e-13
Event 4640 details:
  Total number of particles for clustering: 3529
  Number of thermal particles: 1221
  Event weight: 2.76409e-14
Event 4650 details:
  Total number of particles for clustering: 1085
  Number of thermal particles: 315
  Event weight: 1.24783e-10
Event 4660 details:
  Total number of particles for clustering: 3095
  Number of thermal particles: 1242
  Event weight: 1.11821e-13
Event 4670 details:
  Total number of particles for clustering: 3925
  Number of thermal particles: 1360
  Event weight: 2.62781e-12
Event 4680 details:
  Total number of particles for clustering: 1421
  Number of thermal particles: 440
  Event weight: 1.66297e-11
Event 4690 details:
  Total number of particles for clustering: 2342
  Number of thermal particles: 748
  Event weight: 1.08186e-15
Event 4700 details:
  Total number of particles for clustering: 1976
  Number of thermal particles: 662
  Event weight: 4.76304e-11
Event 4710 details:
  Total number of particles for clustering: 2614
  Number of thermal particles: 866
  Event weight: 4.3605e-13
Event 4720 details:
  Total number of particles for clustering: 4232
  Number of thermal particles: 1799
  Event weight: 1.27099e-14
Event 4730 details:
  Total number of particles for clustering: 2664
  Number of thermal particles: 861
  Event weight: 5.10541e-10
Event 4740 details:
  Total number of particles for clustering: 2047
  Number of thermal particles: 795
  Event weight: 1.33373e-12
Event 4750 details:
  Total number of particles for clustering: 1818
  Number of thermal particles: 586
  Event weight: 2.36583e-11
Event 4760 details:
  Total number of particles for clustering: 1990
  Number of thermal particles: 688
  Event weight: 2.90294e-10
Event 4770 details:
  Total number of particles for clustering: 2337
  Number of thermal particles: 795
  Event weight: 3.38136e-13
Event 4780 details:
  Total number of particles for clustering: 1541
  Number of thermal particles: 687
  Event weight: 1.01802e-11
Event 4790 details:
  Total number of particles for clustering: 954
  Number of thermal particles: 261
  Event weight: 8.49987e-11
Event 4800 details:
  Total number of particles for clustering: 2796
  Number of thermal particles: 885
  Event weight: 7.16737e-11
Event 4810 details:
  Total number of particles for clustering: 1947
  Number of thermal particles: 620
  Event weight: 5.13391e-11
Event 4820 details:
  Total number of particles for clustering: 725
  Number of thermal particles: 190
  Event weight: 5.75845e-10
Event 4830 details:
  Total number of particles for clustering: 2915
  Number of thermal particles: 1027
  Event weight: 1.0381e-09
Event 4840 details:
  Total number of particles for clustering: 2448
  Number of thermal particles: 829
  Event weight: 7.15597e-11
Event 4850 details:
  Total number of particles for clustering: 910
  Number of thermal particles: 264
  Event weight: 1.71853e-09
Event 4860 details:
  Total number of particles for clustering: 2695
  Number of thermal particles: 1074
  Event weight: 1.29436e-11
Event 4870 details:
  Total number of particles for clustering: 1941
  Number of thermal particles: 645
  Event weight: 4.23571e-13
Event 4880 details:
  Total number of particles for clustering: 1955
  Number of thermal particles: 548
  Event weight: 5.97358e-14
Event 4890 details:
  Total number of particles for clustering: 1635
  Number of thermal particles: 491
  Event weight: 1.5067e-10
Event 4900 details:
  Total number of particles for clustering: 1920
  Number of thermal particles: 665
  Event weight: 7.57998e-11
Event 4910 details:
  Total number of particles for clustering: 2144
  Number of thermal particles: 668
  Event weight: 8.54126e-13
Event 4920 details:
  Total number of particles for clustering: 1791
  Number of thermal particles: 717
  Event weight: 5.40246e-12
Event 4930 details:
  Total number of particles for clustering: 2614
  Number of thermal particles: 824
  Event weight: 5.796e-14
Event 4940 details:
  Total number of particles for clustering: 1140
  Number of thermal particles: 549
  Event weight: 3.16708e-10
Event 4950 details:
  Total number of particles for clustering: 2311
  Number of thermal particles: 811
  Event weight: 3.95684e-13
Event 4960 details:
  Total number of particles for clustering: 3270
  Number of thermal particles: 1076
  Event weight: 3.58286e-14
Event 4970 details:
  Total number of particles for clustering: 2639
  Number of thermal particles: 861
  Event weight: 1.34512e-12
Event 4980 details:
  Total number of particles for clustering: 1535
  Number of thermal particles: 469
  Event weight: 9.12435e-12
Event 4990 details:
  Total number of particles for clustering: 1351
  Number of thermal particles: 414
  Event weight: 1.27795e-10
Processing event 5000 / 9999
  Number of JEWEL particles: 4092
Event 5000 details:
  Total number of particles for clustering: 2909
  Number of thermal particles: 1181
  Event weight: 5.7155e-13
Processed 5000 events.
Event 5010 details:
  Total number of particles for clustering: 2289
  Number of thermal particles: 678
  Event weight: 1.57437e-13
Event 5020 details:
  Total number of particles for clustering: 1700
  Number of thermal particles: 616
  Event weight: 1.17103e-09
Event 5030 details:
  Total number of particles for clustering: 1867
  Number of thermal particles: 605
  Event weight: 1.52394e-13
Event 5040 details:
  Total number of particles for clustering: 1359
  Number of thermal particles: 463
  Event weight: 4.34004e-10
Event 5050 details:
  Total number of particles for clustering: 1324
  Number of thermal particles: 381
  Event weight: 3.25597e-13
Event 5060 details:
  Total number of particles for clustering: 2948
  Number of thermal particles: 972
  Event weight: 3.47333e-13
Event 5070 details:
  Total number of particles for clustering: 1676
  Number of thermal particles: 535
  Event weight: 4.51222e-12
Event 5080 details:
  Total number of particles for clustering: 1787
  Number of thermal particles: 593
  Event weight: 1.51384e-10
Event 5090 details:
  Total number of particles for clustering: 1368
  Number of thermal particles: 469
  Event weight: 7.91398e-09
Event 5100 details:
  Total number of particles for clustering: 584
  Number of thermal particles: 152
  Event weight: 6.13884e-09
Event 5110 details:
  Total number of particles for clustering: 2419
  Number of thermal particles: 794
  Event weight: 5.53815e-10
Event 5120 details:
  Total number of particles for clustering: 1659
  Number of thermal particles: 517
  Event weight: 3.86675e-11
Event 5130 details:
  Total number of particles for clustering: 960
  Number of thermal particles: 273
  Event weight: 1.1102e-09
Event 5140 details:
  Total number of particles for clustering: 2545
  Number of thermal particles: 1000
  Event weight: 4.49177e-13
Event 5150 details:
  Total number of particles for clustering: 400
  Number of thermal particles: 64
  Event weight: 1.2738e-14
Event 5160 details:
  Total number of particles for clustering: 2813
  Number of thermal particles: 994
  Event weight: 1.27669e-09
Event 5170 details:
  Total number of particles for clustering: 1539
  Number of thermal particles: 518
  Event weight: 2.4676e-12
Event 5180 details:
  Total number of particles for clustering: 1643
  Number of thermal particles: 511
  Event weight: 1.26418e-10
Event 5190 details:
  Total number of particles for clustering: 716
  Number of thermal particles: 205
  Event weight: 1.28654e-09
Event 5200 details:
  Total number of particles for clustering: 1828
  Number of thermal particles: 633
  Event weight: 8.04034e-14
Event 5210 details:
  Total number of particles for clustering: 1603
  Number of thermal particles: 521
  Event weight: 2.31442e-09
Event 5220 details:
  Total number of particles for clustering: 1939
  Number of thermal particles: 613
  Event weight: 1.81308e-14
Event 5230 details:
  Total number of particles for clustering: 2145
  Number of thermal particles: 666
  Event weight: 6.82049e-13
Event 5240 details:
  Total number of particles for clustering: 1559
  Number of thermal particles: 492
  Event weight: 2.00575e-12
Event 5250 details:
  Total number of particles for clustering: 1945
  Number of thermal particles: 823
  Event weight: 1.69633e-12
Event 5260 details:
  Total number of particles for clustering: 3418
  Number of thermal particles: 1139
  Event weight: 6.49784e-14
Event 5270 details:
  Total number of particles for clustering: 1854
  Number of thermal particles: 586
  Event weight: 2.14278e-10
Event 5280 details:
  Total number of particles for clustering: 2305
  Number of thermal particles: 896
  Event weight: 6.70234e-14
Event 5290 details:
  Total number of particles for clustering: 1987
  Number of thermal particles: 650
  Event weight: 6.71159e-11
Event 5300 details:
  Total number of particles for clustering: 1623
  Number of thermal particles: 505
  Event weight: 1.27026e-12
Event 5310 details:
  Total number of particles for clustering: 1340
  Number of thermal particles: 499
  Event weight: 6.63264e-12
Event 5320 details:
  Total number of particles for clustering: 1018
  Number of thermal particles: 335
  Event weight: 6.31126e-09
Event 5330 details:
  Total number of particles for clustering: 1950
  Number of thermal particles: 673
  Event weight: 7.22417e-10
Event 5340 details:
  Total number of particles for clustering: 1009
  Number of thermal particles: 280
  Event weight: 1.85854e-12
Event 5350 details:
  Total number of particles for clustering: 1425
  Number of thermal particles: 455
  Event weight: 8.86224e-09
Event 5360 details:
  Total number of particles for clustering: 2750
  Number of thermal particles: 903
  Event weight: 2.41922e-14
Event 5370 details:
  Total number of particles for clustering: 2492
  Number of thermal particles: 789
  Event weight: 7.92978e-15
Event 5380 details:
  Total number of particles for clustering: 1908
  Number of thermal particles: 619
  Event weight: 7.46755e-12
Event 5390 details:
  Total number of particles for clustering: 3130
  Number of thermal particles: 1009
  Event weight: 8.52141e-12
Event 5400 details:
  Total number of particles for clustering: 1487
  Number of thermal particles: 465
  Event weight: 2.36476e-13
Event 5410 details:
  Total number of particles for clustering: 2133
  Number of thermal particles: 844
  Event weight: 1.19917e-11
Event 5420 details:
  Total number of particles for clustering: 1154
  Number of thermal particles: 376
  Event weight: 3.16989e-10
Event 5430 details:
  Total number of particles for clustering: 2503
  Number of thermal particles: 738
  Event weight: 2.08008e-13
Event 5440 details:
  Total number of particles for clustering: 4023
  Number of thermal particles: 1311
  Event weight: 4.46787e-15
Event 5450 details:
  Total number of particles for clustering: 2657
  Number of thermal particles: 863
  Event weight: 7.90275e-14
Event 5460 details:
  Total number of particles for clustering: 2333
  Number of thermal particles: 783
  Event weight: 3.20747e-11
Event 5470 details:
  Total number of particles for clustering: 996
  Number of thermal particles: 278
  Event weight: 1.66363e-10
Event 5480 details:
  Total number of particles for clustering: 2859
  Number of thermal particles: 909
  Event weight: 2.58332e-12
Event 5490 details:
  Total number of particles for clustering: 1127
  Number of thermal particles: 330
  Event weight: 9.12677e-11
Event 5500 details:
  Total number of particles for clustering: 1576
  Number of thermal particles: 461
  Event weight: 8.73555e-14
Event 5510 details:
  Total number of particles for clustering: 3032
  Number of thermal particles: 1037
  Event weight: 1.26055e-11
Event 5520 details:
  Total number of particles for clustering: 2919
  Number of thermal particles: 911
  Event weight: 9.50027e-16
Event 5530 details:
  Total number of particles for clustering: 3363
  Number of thermal particles: 1139
  Event weight: 2.32945e-13
Event 5540 details:
  Total number of particles for clustering: 1393
  Number of thermal particles: 425
  Event weight: 2.36946e-11
Event 5550 details:
  Total number of particles for clustering: 1929
  Number of thermal particles: 668
  Event weight: 2.14263e-11
Event 5560 details:
  Total number of particles for clustering: 2034
  Number of thermal particles: 670
  Event weight: 7.02794e-12
Event 5570 details:
  Total number of particles for clustering: 3184
  Number of thermal particles: 1048
  Event weight: 2.32134e-14
Event 5580 details:
  Total number of particles for clustering: 1607
  Number of thermal particles: 508
  Event weight: 2.19194e-10
Event 5590 details:
  Total number of particles for clustering: 1338
  Number of thermal particles: 399
  Event weight: 4.02265e-11
Event 5600 details:
  Total number of particles for clustering: 2488
  Number of thermal particles: 785
  Event weight: 1.97333e-10
Event 5610 details:
  Total number of particles for clustering: 1829
  Number of thermal particles: 582
  Event weight: 8.83558e-11
Event 5620 details:
  Total number of particles for clustering: 1944
  Number of thermal particles: 743
  Event weight: 2.57424e-14
Event 5630 details:
  Total number of particles for clustering: 1223
  Number of thermal particles: 413
  Event weight: 9.55569e-09
Event 5640 details:
  Total number of particles for clustering: 3702
  Number of thermal particles: 1251
  Event weight: 2.5222e-11
Event 5650 details:
  Total number of particles for clustering: 2428
  Number of thermal particles: 789
  Event weight: 2.29001e-12
Event 5660 details:
  Total number of particles for clustering: 1414
  Number of thermal particles: 429
  Event weight: 1.80451e-12
Event 5670 details:
  Total number of particles for clustering: 2174
  Number of thermal particles: 833
  Event weight: 8.12881e-12
Event 5680 details:
  Total number of particles for clustering: 554
  Number of thermal particles: 144
  Event weight: 9.91633e-10
Event 5690 details:
  Total number of particles for clustering: 3274
  Number of thermal particles: 1079
  Event weight: 1.24545e-12
Event 5700 details:
  Total number of particles for clustering: 2192
  Number of thermal particles: 761
  Event weight: 1.89089e-10
Event 5710 details:
  Total number of particles for clustering: 1473
  Number of thermal particles: 457
  Event weight: 5.87136e-11
Event 5720 details:
  Total number of particles for clustering: 1044
  Number of thermal particles: 317
  Event weight: 6.50245e-09
Event 5730 details:
  Total number of particles for clustering: 1671
  Number of thermal particles: 551
  Event weight: 6.83306e-10
Event 5740 details:
  Total number of particles for clustering: 791
  Number of thermal particles: 206
  Event weight: 1.79716e-10
Event 5750 details:
  Total number of particles for clustering: 773
  Number of thermal particles: 217
  Event weight: 4.21763e-10
Event 5760 details:
  Total number of particles for clustering: 1087
  Number of thermal particles: 323
  Event weight: 4.23923e-09
Event 5770 details:
  Total number of particles for clustering: 2791
  Number of thermal particles: 928
  Event weight: 6.5648e-11
Event 5780 details:
  Total number of particles for clustering: 1066
  Number of thermal particles: 310
  Event weight: 2.42877e-11
Event 5790 details:
  Total number of particles for clustering: 2249
  Number of thermal particles: 774
  Event weight: 5.0656e-09
Event 5800 details:
  Total number of particles for clustering: 1769
  Number of thermal particles: 588
  Event weight: 5.27185e-12
Event 5810 details:
  Total number of particles for clustering: 1112
  Number of thermal particles: 490
  Event weight: 1.06882e-10
Event 5820 details:
  Total number of particles for clustering: 2513
  Number of thermal particles: 853
  Event weight: 3.38405e-13
Event 5830 details:
  Total number of particles for clustering: 3281
  Number of thermal particles: 1376
  Event weight: 5.6344e-13
Event 5840 details:
  Total number of particles for clustering: 3910
  Number of thermal particles: 1242
  Event weight: 6.86619e-14
Event 5850 details:
  Total number of particles for clustering: 1930
  Number of thermal particles: 655
  Event weight: 7.92308e-10
Event 5860 details:
  Total number of particles for clustering: 2026
  Number of thermal particles: 813
  Event weight: 2.70915e-11
Event 5870 details:
  Total number of particles for clustering: 2854
  Number of thermal particles: 988
  Event weight: 4.1537e-10
Event 5880 details:
  Total number of particles for clustering: 3321
  Number of thermal particles: 1363
  Event weight: 2.76829e-12
Event 5890 details:
  Total number of particles for clustering: 2290
  Number of thermal particles: 788
  Event weight: 2.56676e-09
Event 5900 details:
  Total number of particles for clustering: 1092
  Number of thermal particles: 362
  Event weight: 1.08012e-10
Event 5910 details:
  Total number of particles for clustering: 2029
  Number of thermal particles: 651
  Event weight: 3.14152e-10
Event 5920 details:
  Total number of particles for clustering: 951
  Number of thermal particles: 277
  Event weight: 2.14357e-09
Event 5930 details:
  Total number of particles for clustering: 1478
  Number of thermal particles: 597
  Event weight: 1.65887e-11
Event 5940 details:
  Total number of particles for clustering: 2200
  Number of thermal particles: 866
  Event weight: 2.54356e-12
Event 5950 details:
  Total number of particles for clustering: 2776
  Number of thermal particles: 905
  Event weight: 1.71744e-13
Event 5960 details:
  Total number of particles for clustering: 826
  Number of thermal particles: 274
  Event weight: 8.17602e-10
Event 5970 details:
  Total number of particles for clustering: 3412
  Number of thermal particles: 1113
  Event weight: 7.16658e-11
Event 5980 details:
  Total number of particles for clustering: 1384
  Number of thermal particles: 403
  Event weight: 3.80735e-10
Event 5990 details:
  Total number of particles for clustering: 1708
  Number of thermal particles: 561
  Event weight: 2.8903e-12
Processing event 6000 / 9999
  Number of JEWEL particles: 2303
Event 6000 details:
  Total number of particles for clustering: 1759
  Number of thermal particles: 542
  Event weight: 2.12442e-12
Processed 6000 events.
Event 6010 details:
  Total number of particles for clustering: 814
  Number of thermal particles: 208
  Event weight: 2.46378e-12
Event 6020 details:
  Total number of particles for clustering: 2369
  Number of thermal particles: 712
  Event weight: 1.62276e-12
Event 6030 details:
  Total number of particles for clustering: 2598
  Number of thermal particles: 885
  Event weight: 1.33482e-11
Event 6040 details:
  Total number of particles for clustering: 1806
  Number of thermal particles: 620
  Event weight: 5.63087e-11
Event 6050 details:
  Total number of particles for clustering: 2607
  Number of thermal particles: 907
  Event weight: 2.78242e-10
Event 6060 details:
  Total number of particles for clustering: 1224
  Number of thermal particles: 359
  Event weight: 3.45904e-12
Event 6070 details:
  Total number of particles for clustering: 1151
  Number of thermal particles: 374
  Event weight: 1.12765e-13
Event 6080 details:
  Total number of particles for clustering: 1506
  Number of thermal particles: 496
  Event weight: 2.08958e-12
Event 6090 details:
  Total number of particles for clustering: 1896
  Number of thermal particles: 584
  Event weight: 1.84939e-11
Event 6100 details:
  Total number of particles for clustering: 2379
  Number of thermal particles: 784
  Event weight: 1.84517e-14
Event 6110 details:
  Total number of particles for clustering: 2259
  Number of thermal particles: 767
  Event weight: 2.50761e-14
Event 6120 details:
  Total number of particles for clustering: 1564
  Number of thermal particles: 529
  Event weight: 4.71162e-10
Event 6130 details:
  Total number of particles for clustering: 1607
  Number of thermal particles: 502
  Event weight: 3.12665e-11
Event 6140 details:
  Total number of particles for clustering: 1371
  Number of thermal particles: 435
  Event weight: 4.25461e-13
Event 6150 details:
  Total number of particles for clustering: 1586
  Number of thermal particles: 456
  Event weight: 7.15648e-13
Event 6160 details:
  Total number of particles for clustering: 1905
  Number of thermal particles: 642
  Event weight: 3.71263e-13
Event 6170 details:
  Total number of particles for clustering: 1926
  Number of thermal particles: 852
  Event weight: 5.19089e-10
Event 6180 details:
  Total number of particles for clustering: 3224
  Number of thermal particles: 1149
  Event weight: 3.76365e-11
Event 6190 details:
  Total number of particles for clustering: 1288
  Number of thermal particles: 369
  Event weight: 2.38454e-13
Event 6200 details:
  Total number of particles for clustering: 1401
  Number of thermal particles: 482
  Event weight: 8.31787e-13
Event 6210 details:
  Total number of particles for clustering: 732
  Number of thermal particles: 234
  Event weight: 7.8571e-09
Event 6220 details:
  Total number of particles for clustering: 1327
  Number of thermal particles: 458
  Event weight: 6.05109e-14
Event 6230 details:
  Total number of particles for clustering: 3099
  Number of thermal particles: 1016
  Event weight: 3.6901e-12
Event 6240 details:
  Total number of particles for clustering: 1167
  Number of thermal particles: 357
  Event weight: 1.01076e-10
Event 6250 details:
  Total number of particles for clustering: 3305
  Number of thermal particles: 1346
  Event weight: 2.74758e-12
Event 6260 details:
  Total number of particles for clustering: 1990
  Number of thermal particles: 657
  Event weight: 2.53149e-11
Event 6270 details:
  Total number of particles for clustering: 2737
  Number of thermal particles: 929
  Event weight: 1.45801e-12
Event 6280 details:
  Total number of particles for clustering: 2432
  Number of thermal particles: 804
  Event weight: 2.28025e-11
Event 6290 details:
  Total number of particles for clustering: 2044
  Number of thermal particles: 663
  Event weight: 4.72086e-12
Event 6300 details:
  Total number of particles for clustering: 1277
  Number of thermal particles: 392
  Event weight: 8.79386e-11
Event 6310 details:
  Total number of particles for clustering: 1020
  Number of thermal particles: 342
  Event weight: 4.92115e-11
Event 6320 details:
  Total number of particles for clustering: 3790
  Number of thermal particles: 1440
  Event weight: 1.07463e-14
Event 6330 details:
  Total number of particles for clustering: 2544
  Number of thermal particles: 843
  Event weight: 3.25788e-13
Event 6340 details:
  Total number of particles for clustering: 2222
  Number of thermal particles: 750
  Event weight: 2.13353e-11
Event 6350 details:
  Total number of particles for clustering: 999
  Number of thermal particles: 289
  Event weight: 4.4585e-10
Event 6360 details:
  Total number of particles for clustering: 1254
  Number of thermal particles: 374
  Event weight: 4.63282e-10
Event 6370 details:
  Total number of particles for clustering: 629
  Number of thermal particles: 177
  Event weight: 2.28945e-09
Event 6380 details:
  Total number of particles for clustering: 1116
  Number of thermal particles: 345
  Event weight: 4.44849e-11
Event 6390 details:
  Total number of particles for clustering: 2015
  Number of thermal particles: 669
  Event weight: 3.58984e-12
Event 6400 details:
  Total number of particles for clustering: 3774
  Number of thermal particles: 1194
  Event weight: 8.87814e-14
Event 6410 details:
  Total number of particles for clustering: 981
  Number of thermal particles: 260
  Event weight: 1.72254e-12
Event 6420 details:
  Total number of particles for clustering: 2706
  Number of thermal particles: 898
  Event weight: 8.43423e-12
Event 6430 details:
  Total number of particles for clustering: 1850
  Number of thermal particles: 620
  Event weight: 3.20661e-12
Event 6440 details:
  Total number of particles for clustering: 1251
  Number of thermal particles: 332
  Event weight: 3.19572e-12
Event 6450 details:
  Total number of particles for clustering: 1734
  Number of thermal particles: 549
  Event weight: 8.44624e-13
Event 6460 details:
  Total number of particles for clustering: 2280
  Number of thermal particles: 777
  Event weight: 2.27876e-10
Event 6470 details:
  Total number of particles for clustering: 2121
  Number of thermal particles: 686
  Event weight: 7.70036e-13
Event 6480 details:
  Total number of particles for clustering: 1785
  Number of thermal particles: 546
  Event weight: 1.25742e-10
Event 6490 details:
  Total number of particles for clustering: 1733
  Number of thermal particles: 516
  Event weight: 1.93684e-12
Event 6500 details:
  Total number of particles for clustering: 1989
  Number of thermal particles: 685
  Event weight: 9.44563e-11
Event 6510 details:
  Total number of particles for clustering: 1680
  Number of thermal particles: 542
  Event weight: 2.03819e-11
Event 6520 details:
  Total number of particles for clustering: 1653
  Number of thermal particles: 536
  Event weight: 4.80496e-11
Event 6530 details:
  Total number of particles for clustering: 1361
  Number of thermal particles: 379
  Event weight: 1.56035e-14
Event 6540 details:
  Total number of particles for clustering: 1025
  Number of thermal particles: 317
  Event weight: 7.0986e-11
Event 6550 details:
  Total number of particles for clustering: 1948
  Number of thermal particles: 708
  Event weight: 1.60142e-12
Event 6560 details:
  Total number of particles for clustering: 2279
  Number of thermal particles: 756
  Event weight: 8.79803e-12
Event 6570 details:
  Total number of particles for clustering: 3927
  Number of thermal particles: 1308
  Event weight: 9.61472e-13
Event 6580 details:
  Total number of particles for clustering: 1226
  Number of thermal particles: 344
  Event weight: 3.20299e-14
Event 6590 details:
  Total number of particles for clustering: 1042
  Number of thermal particles: 352
  Event weight: 9.35137e-10
Event 6600 details:
  Total number of particles for clustering: 1372
  Number of thermal particles: 425
  Event weight: 6.29154e-10
Event 6610 details:
  Total number of particles for clustering: 1410
  Number of thermal particles: 462
  Event weight: 8.45535e-10
Event 6620 details:
  Total number of particles for clustering: 1126
  Number of thermal particles: 345
  Event weight: 8.42368e-11
Event 6630 details:
  Total number of particles for clustering: 1576
  Number of thermal particles: 495
  Event weight: 2.11549e-13
Event 6640 details:
  Total number of particles for clustering: 897
  Number of thermal particles: 261
  Event weight: 2.34625e-09
Event 6650 details:
  Total number of particles for clustering: 731
  Number of thermal particles: 220
  Event weight: 6.49509e-11
Event 6660 details:
  Total number of particles for clustering: 2398
  Number of thermal particles: 821
  Event weight: 6.67679e-12
Event 6670 details:
  Total number of particles for clustering: 1880
  Number of thermal particles: 606
  Event weight: 4.90426e-15
Event 6680 details:
  Total number of particles for clustering: 1780
  Number of thermal particles: 611
  Event weight: 6.82673e-12
Event 6690 details:
  Total number of particles for clustering: 1645
  Number of thermal particles: 494
  Event weight: 1.48725e-13
Event 6700 details:
  Total number of particles for clustering: 1285
  Number of thermal particles: 435
  Event weight: 1.48869e-10
Event 6710 details:
  Total number of particles for clustering: 963
  Number of thermal particles: 263
  Event weight: 1.57539e-12
Event 6720 details:
  Total number of particles for clustering: 928
  Number of thermal particles: 282
  Event weight: 1.72551e-10
Event 6730 details:
  Total number of particles for clustering: 2668
  Number of thermal particles: 831
  Event weight: 3.85379e-15
Event 6740 details:
  Total number of particles for clustering: 1124
  Number of thermal particles: 324
  Event weight: 9.08095e-12
Event 6750 details:
  Total number of particles for clustering: 3118
  Number of thermal particles: 994
  Event weight: 2.74529e-12
Event 6760 details:
  Total number of particles for clustering: 2045
  Number of thermal particles: 755
  Event weight: 2.55606e-10
Event 6770 details:
  Total number of particles for clustering: 1245
  Number of thermal particles: 376
  Event weight: 4.91389e-12
Event 6780 details:
  Total number of particles for clustering: 1215
  Number of thermal particles: 391
  Event weight: 1.74428e-11
Event 6790 details:
  Total number of particles for clustering: 2057
  Number of thermal particles: 724
  Event weight: 2.73265e-12
Event 6800 details:
  Total number of particles for clustering: 988
  Number of thermal particles: 284
  Event weight: 8.14234e-10
Event 6810 details:
  Total number of particles for clustering: 1376
  Number of thermal particles: 398
  Event weight: 9.78839e-12
Event 6820 details:
  Total number of particles for clustering: 1586
  Number of thermal particles: 513
  Event weight: 9.56704e-09
Event 6830 details:
  Total number of particles for clustering: 2676
  Number of thermal particles: 894
  Event weight: 7.31559e-11
Event 6840 details:
  Total number of particles for clustering: 2231
  Number of thermal particles: 731
  Event weight: 2.3473e-11
Event 6850 details:
  Total number of particles for clustering: 737
  Number of thermal particles: 240
  Event weight: 4.77504e-12
Event 6860 details:
  Total number of particles for clustering: 869
  Number of thermal particles: 268
  Event weight: 4.17923e-10
Event 6870 details:
  Total number of particles for clustering: 2380
  Number of thermal particles: 809
  Event weight: 1.54843e-12
Event 6880 details:
  Total number of particles for clustering: 1065
  Number of thermal particles: 382
  Event weight: 4.47528e-12
Event 6890 details:
  Total number of particles for clustering: 2479
  Number of thermal particles: 955
  Event weight: 4.70211e-11
Event 6900 details:
  Total number of particles for clustering: 2564
  Number of thermal particles: 804
  Event weight: 1.97164e-14
Event 6910 details:
  Total number of particles for clustering: 3151
  Number of thermal particles: 1218
  Event weight: 3.43647e-13
Event 6920 details:
  Total number of particles for clustering: 1774
  Number of thermal particles: 569
  Event weight: 2.11689e-10
Event 6930 details:
  Total number of particles for clustering: 1882
  Number of thermal particles: 608
  Event weight: 1.18492e-13
Event 6940 details:
  Total number of particles for clustering: 2662
  Number of thermal particles: 945
  Event weight: 2.17898e-11
Event 6950 details:
  Total number of particles for clustering: 2518
  Number of thermal particles: 848
  Event weight: 9.47658e-10
Event 6960 details:
  Total number of particles for clustering: 1732
  Number of thermal particles: 562
  Event weight: 2.94668e-10
Event 6970 details:
  Total number of particles for clustering: 2731
  Number of thermal particles: 1118
  Event weight: 2.79912e-13
Event 6980 details:
  Total number of particles for clustering: 1009
  Number of thermal particles: 290
  Event weight: 3.62454e-09
Event 6990 details:
  Total number of particles for clustering: 2570
  Number of thermal particles: 992
  Event weight: 1.41293e-13
Processing event 7000 / 9999
  Number of JEWEL particles: 2626
Event 7000 details:
  Total number of particles for clustering: 1962
  Number of thermal particles: 662
  Event weight: 6.42959e-11
Processed 7000 events.
Event 7010 details:
  Total number of particles for clustering: 910
  Number of thermal particles: 262
  Event weight: 3.49377e-11
Event 7020 details:
  Total number of particles for clustering: 1827
  Number of thermal particles: 627
  Event weight: 5.60514e-12
Event 7030 details:
  Total number of particles for clustering: 2288
  Number of thermal particles: 926
  Event weight: 7.69093e-15
Event 7040 details:
  Total number of particles for clustering: 2977
  Number of thermal particles: 1028
  Event weight: 3.99132e-10
Event 7050 details:
  Total number of particles for clustering: 648
  Number of thermal particles: 221
  Event weight: 7.81024e-13
Event 7060 details:
  Total number of particles for clustering: 2678
  Number of thermal particles: 848
  Event weight: 2.29639e-13
Event 7070 details:
  Total number of particles for clustering: 2272
  Number of thermal particles: 969
  Event weight: 5.02226e-13
Event 7080 details:
  Total number of particles for clustering: 1513
  Number of thermal particles: 458
  Event weight: 2.45107e-13
Event 7090 details:
  Total number of particles for clustering: 1521
  Number of thermal particles: 574
  Event weight: 3.97152e-12
Event 7100 details:
  Total number of particles for clustering: 1667
  Number of thermal particles: 506
  Event weight: 5.4314e-13
Event 7110 details:
  Total number of particles for clustering: 1983
  Number of thermal particles: 680
  Event weight: 4.59571e-12
Event 7120 details:
  Total number of particles for clustering: 2537
  Number of thermal particles: 817
  Event weight: 2.53406e-14
Event 7130 details:
  Total number of particles for clustering: 2790
  Number of thermal particles: 919
  Event weight: 1.03497e-12
Event 7140 details:
  Total number of particles for clustering: 837
  Number of thermal particles: 230
  Event weight: 9.67204e-12
Event 7150 details:
  Total number of particles for clustering: 2093
  Number of thermal particles: 732
  Event weight: 6.75389e-15
Event 7160 details:
  Total number of particles for clustering: 2391
  Number of thermal particles: 798
  Event weight: 9.52551e-13
Event 7170 details:
  Total number of particles for clustering: 2825
  Number of thermal particles: 927
  Event weight: 9.39447e-11
Event 7180 details:
  Total number of particles for clustering: 1895
  Number of thermal particles: 767
  Event weight: 1.26593e-14
Event 7190 details:
  Total number of particles for clustering: 2441
  Number of thermal particles: 967
  Event weight: 5.15312e-14
Event 7200 details:
  Total number of particles for clustering: 2112
  Number of thermal particles: 718
  Event weight: 4.787e-14
Event 7210 details:
  Total number of particles for clustering: 1675
  Number of thermal particles: 532
  Event weight: 2.92873e-11
Event 7220 details:
  Total number of particles for clustering: 3188
  Number of thermal particles: 1004
  Event weight: 4.03771e-13
Event 7230 details:
  Total number of particles for clustering: 1072
  Number of thermal particles: 300
  Event weight: 1.86854e-09
Event 7240 details:
  Total number of particles for clustering: 1395
  Number of thermal particles: 457
  Event weight: 2.57384e-09
Event 7250 details:
  Total number of particles for clustering: 3035
  Number of thermal particles: 1033
  Event weight: 3.60776e-09
Event 7260 details:
  Total number of particles for clustering: 2534
  Number of thermal particles: 1089
  Event weight: 1.04435e-12
Event 7270 details:
  Total number of particles for clustering: 1724
  Number of thermal particles: 563
  Event weight: 8.04936e-13
Event 7280 details:
  Total number of particles for clustering: 1264
  Number of thermal particles: 379
  Event weight: 2.1544e-10
Event 7290 details:
  Total number of particles for clustering: 1229
  Number of thermal particles: 355
  Event weight: 3.14599e-09
Event 7300 details:
  Total number of particles for clustering: 2606
  Number of thermal particles: 843
  Event weight: 3.06425e-12
Event 7310 details:
  Total number of particles for clustering: 1630
  Number of thermal particles: 539
  Event weight: 2.22717e-10
Event 7320 details:
  Total number of particles for clustering: 1438
  Number of thermal particles: 546
  Event weight: 2.01145e-09
Event 7330 details:
  Total number of particles for clustering: 1328
  Number of thermal particles: 470
  Event weight: 4.035e-12
Event 7340 details:
  Total number of particles for clustering: 2174
  Number of thermal particles: 665
  Event weight: 3.66985e-13
Event 7350 details:
  Total number of particles for clustering: 1467
  Number of thermal particles: 466
  Event weight: 1.71175e-13
Event 7360 details:
  Total number of particles for clustering: 982
  Number of thermal particles: 293
  Event weight: 4.49767e-09
Event 7370 details:
  Total number of particles for clustering: 1045
  Number of thermal particles: 305
  Event weight: 8.10612e-12
Event 7380 details:
  Total number of particles for clustering: 2774
  Number of thermal particles: 943
  Event weight: 5.38312e-11
Event 7390 details:
  Total number of particles for clustering: 1631
  Number of thermal particles: 512
  Event weight: 2.16403e-11
Event 7400 details:
  Total number of particles for clustering: 1093
  Number of thermal particles: 319
  Event weight: 1.80098e-13
Event 7410 details:
  Total number of particles for clustering: 2010
  Number of thermal particles: 842
  Event weight: 8.52178e-12
Event 7420 details:
  Total number of particles for clustering: 2880
  Number of thermal particles: 1047
  Event weight: 1.03654e-13
Event 7430 details:
  Total number of particles for clustering: 1449
  Number of thermal particles: 479
  Event weight: 4.21556e-11
Event 7440 details:
  Total number of particles for clustering: 1508
  Number of thermal particles: 444
  Event weight: 5.28782e-12
Event 7450 details:
  Total number of particles for clustering: 2175
  Number of thermal particles: 708
  Event weight: 4.06376e-13
Event 7460 details:
  Total number of particles for clustering: 1063
  Number of thermal particles: 321
  Event weight: 5.62167e-10
Event 7470 details:
  Total number of particles for clustering: 1505
  Number of thermal particles: 448
  Event weight: 2.26693e-11
Event 7480 details:
  Total number of particles for clustering: 2234
  Number of thermal particles: 800
  Event weight: 5.7675e-10
Event 7490 details:
  Total number of particles for clustering: 1266
  Number of thermal particles: 399
  Event weight: 2.34406e-12
Event 7500 details:
  Total number of particles for clustering: 1711
  Number of thermal particles: 566
  Event weight: 3.80433e-10
Event 7510 details:
  Total number of particles for clustering: 2362
  Number of thermal particles: 815
  Event weight: 2.41055e-13
Event 7520 details:
  Total number of particles for clustering: 3178
  Number of thermal particles: 1212
  Event weight: 2.92066e-10
Event 7530 details:
  Total number of particles for clustering: 2548
  Number of thermal particles: 792
  Event weight: 4.47782e-13
Event 7540 details:
  Total number of particles for clustering: 1386
  Number of thermal particles: 443
  Event weight: 1.22023e-09
Event 7550 details:
  Total number of particles for clustering: 2214
  Number of thermal particles: 782
  Event weight: 2.10624e-12
Event 7560 details:
  Total number of particles for clustering: 2575
  Number of thermal particles: 832
  Event weight: 1.81682e-10
Event 7570 details:
  Total number of particles for clustering: 1614
  Number of thermal particles: 490
  Event weight: 3.09807e-11
Event 7580 details:
  Total number of particles for clustering: 1259
  Number of thermal particles: 433
  Event weight: 5.88883e-09
Event 7590 details:
  Total number of particles for clustering: 4781
  Number of thermal particles: 1638
  Event weight: 2.55152e-14
Event 7600 details:
  Total number of particles for clustering: 1382
  Number of thermal particles: 432
  Event weight: 2.70594e-10
Event 7610 details:
  Total number of particles for clustering: 1640
  Number of thermal particles: 562
  Event weight: 2.03817e-11
Event 7620 details:
  Total number of particles for clustering: 1479
  Number of thermal particles: 450
  Event weight: 7.21981e-10
Event 7630 details:
  Total number of particles for clustering: 4164
  Number of thermal particles: 1433
  Event weight: 8.24278e-13
Event 7640 details:
  Total number of particles for clustering: 2383
  Number of thermal particles: 774
  Event weight: 1.25246e-11
Event 7650 details:
  Total number of particles for clustering: 1054
  Number of thermal particles: 307
  Event weight: 1.23374e-13
Event 7660 details:
  Total number of particles for clustering: 972
  Number of thermal particles: 304
  Event weight: 5.4276e-10
Event 7670 details:
  Total number of particles for clustering: 1320
  Number of thermal particles: 448
  Event weight: 3.76539e-09
Event 7680 details:
  Total number of particles for clustering: 1881
  Number of thermal particles: 610
  Event weight: 6.02978e-13
Event 7690 details:
  Total number of particles for clustering: 2817
  Number of thermal particles: 971
  Event weight: 3.94467e-11
Event 7700 details:
  Total number of particles for clustering: 4621
  Number of thermal particles: 1560
  Event weight: 6.7966e-13
Event 7710 details:
  Total number of particles for clustering: 1491
  Number of thermal particles: 499
  Event weight: 6.36701e-11
Event 7720 details:
  Total number of particles for clustering: 1676
  Number of thermal particles: 570
  Event weight: 2.42054e-10
Event 7730 details:
  Total number of particles for clustering: 4366
  Number of thermal particles: 1735
  Event weight: 2.50324e-13
Event 7740 details:
  Total number of particles for clustering: 1779
  Number of thermal particles: 703
  Event weight: 7.50648e-13
Event 7750 details:
  Total number of particles for clustering: 1121
  Number of thermal particles: 328
  Event weight: 1.55717e-11
Event 7760 details:
  Total number of particles for clustering: 2457
  Number of thermal particles: 812
  Event weight: 6.52958e-11
Event 7770 details:
  Total number of particles for clustering: 895
  Number of thermal particles: 244
  Event weight: 1.73804e-13
Event 7780 details:
  Total number of particles for clustering: 1056
  Number of thermal particles: 340
  Event weight: 2.18751e-09
Event 7790 details:
  Total number of particles for clustering: 1524
  Number of thermal particles: 496
  Event weight: 4.22935e-09
Event 7800 details:
  Total number of particles for clustering: 2138
  Number of thermal particles: 679
  Event weight: 1.00403e-11
Event 7810 details:
  Total number of particles for clustering: 2985
  Number of thermal particles: 1209
  Event weight: 4.55792e-12
Event 7820 details:
  Total number of particles for clustering: 2197
  Number of thermal particles: 703
  Event weight: 6.12424e-13
Event 7830 details:
  Total number of particles for clustering: 1799
  Number of thermal particles: 609
  Event weight: 1.46186e-10
Event 7840 details:
  Total number of particles for clustering: 1050
  Number of thermal particles: 324
  Event weight: 2.32415e-09
Event 7850 details:
  Total number of particles for clustering: 1929
  Number of thermal particles: 610
  Event weight: 4.71455e-12
Event 7860 details:
  Total number of particles for clustering: 1367
  Number of thermal particles: 431
  Event weight: 9.93115e-12
Event 7870 details:
  Total number of particles for clustering: 3584
  Number of thermal particles: 1110
  Event weight: 3.01447e-14
Event 7880 details:
  Total number of particles for clustering: 2312
  Number of thermal particles: 721
  Event weight: 2.51617e-14
Event 7890 details:
  Total number of particles for clustering: 2541
  Number of thermal particles: 853
  Event weight: 3.86606e-12
Event 7900 details:
  Total number of particles for clustering: 1454
  Number of thermal particles: 490
  Event weight: 2.07615e-09
Event 7910 details:
  Total number of particles for clustering: 1196
  Number of thermal particles: 384
  Event weight: 3.6418e-09
Event 7920 details:
  Total number of particles for clustering: 1662
  Number of thermal particles: 629
  Event weight: 3.08872e-13
Event 7930 details:
  Total number of particles for clustering: 1899
  Number of thermal particles: 613
  Event weight: 4.13608e-11
Event 7940 details:
  Total number of particles for clustering: 2400
  Number of thermal particles: 793
  Event weight: 1.88819e-10
Event 7950 details:
  Total number of particles for clustering: 1761
  Number of thermal particles: 547
  Event weight: 3.73903e-14
Event 7960 details:
  Total number of particles for clustering: 1665
  Number of thermal particles: 512
  Event weight: 3.1014e-11
Event 7970 details:
  Total number of particles for clustering: 2237
  Number of thermal particles: 751
  Event weight: 9.0091e-12
Event 7980 details:
  Total number of particles for clustering: 2339
  Number of thermal particles: 712
  Event weight: 2.92611e-12
Event 7990 details:
  Total number of particles for clustering: 2699
  Number of thermal particles: 929
  Event weight: 9.43576e-14
Processing event 8000 / 9999
  Number of JEWEL particles: 3034
Event 8000 details:
  Total number of particles for clustering: 2281
  Number of thermal particles: 751
  Event weight: 1.37837e-09
Processed 8000 events.
Event 8010 details:
  Total number of particles for clustering: 1648
  Number of thermal particles: 573
  Event weight: 6.20879e-10
Event 8020 details:
  Total number of particles for clustering: 2182
  Number of thermal particles: 958
  Event weight: 9.49002e-12
Event 8030 details:
  Total number of particles for clustering: 1066
  Number of thermal particles: 358
  Event weight: 4.97919e-10
Event 8040 details:
  Total number of particles for clustering: 2106
  Number of thermal particles: 698
  Event weight: 6.37213e-12
Event 8050 details:
  Total number of particles for clustering: 2539
  Number of thermal particles: 812
  Event weight: 1.5036e-12
Event 8060 details:
  Total number of particles for clustering: 1736
  Number of thermal particles: 608
  Event weight: 5.15361e-11
Event 8070 details:
  Total number of particles for clustering: 1353
  Number of thermal particles: 409
  Event weight: 7.18901e-11
Event 8080 details:
  Total number of particles for clustering: 3036
  Number of thermal particles: 949
  Event weight: 5.49812e-12
Event 8090 details:
  Total number of particles for clustering: 2909
  Number of thermal particles: 911
  Event weight: 2.98453e-16
Event 8100 details:
  Total number of particles for clustering: 1876
  Number of thermal particles: 580
  Event weight: 3.10928e-11
Event 8110 details:
  Total number of particles for clustering: 1799
  Number of thermal particles: 763
  Event weight: 3.40091e-13
Event 8120 details:
  Total number of particles for clustering: 1042
  Number of thermal particles: 341
  Event weight: 2.12867e-09
Event 8130 details:
  Total number of particles for clustering: 1689
  Number of thermal particles: 597
  Event weight: 2.26335e-12
Event 8140 details:
  Total number of particles for clustering: 2014
  Number of thermal particles: 647
  Event weight: 7.49503e-12
Event 8150 details:
  Total number of particles for clustering: 1353
  Number of thermal particles: 417
  Event weight: 1.06874e-09
Event 8160 details:
  Total number of particles for clustering: 2774
  Number of thermal particles: 824
  Event weight: 1.86587e-15
Event 8170 details:
  Total number of particles for clustering: 1667
  Number of thermal particles: 527
  Event weight: 1.28257e-11
Event 8180 details:
  Total number of particles for clustering: 2622
  Number of thermal particles: 848
  Event weight: 2.85161e-14
Event 8190 details:
  Total number of particles for clustering: 1519
  Number of thermal particles: 524
  Event weight: 6.09398e-11
Event 8200 details:
  Total number of particles for clustering: 914
  Number of thermal particles: 267
  Event weight: 5.76733e-14
Event 8210 details:
  Total number of particles for clustering: 2041
  Number of thermal particles: 648
  Event weight: 2.08082e-11
Event 8220 details:
  Total number of particles for clustering: 1206
  Number of thermal particles: 373
  Event weight: 9.37494e-09
Event 8230 details:
  Total number of particles for clustering: 4595
  Number of thermal particles: 1529
  Event weight: 5.36175e-14
Event 8240 details:
  Total number of particles for clustering: 1350
  Number of thermal particles: 400
  Event weight: 1.22265e-10
Event 8250 details:
  Total number of particles for clustering: 1980
  Number of thermal particles: 746
  Event weight: 1.34298e-13
Event 8260 details:
  Total number of particles for clustering: 874
  Number of thermal particles: 287
  Event weight: 5.71527e-11
Event 8270 details:
  Total number of particles for clustering: 1088
  Number of thermal particles: 313
  Event weight: 3.30471e-14
Event 8280 details:
  Total number of particles for clustering: 1706
  Number of thermal particles: 531
  Event weight: 3.72694e-14
Event 8290 details:
  Total number of particles for clustering: 1624
  Number of thermal particles: 553
  Event weight: 2.56337e-10
Event 8300 details:
  Total number of particles for clustering: 1271
  Number of thermal particles: 404
  Event weight: 6.33409e-09
Event 8310 details:
  Total number of particles for clustering: 1351
  Number of thermal particles: 409
  Event weight: 7.88338e-10
Event 8320 details:
  Total number of particles for clustering: 1929
  Number of thermal particles: 638
  Event weight: 7.16255e-13
Event 8330 details:
  Total number of particles for clustering: 2159
  Number of thermal particles: 736
  Event weight: 1.88793e-11
Event 8340 details:
  Total number of particles for clustering: 3194
  Number of thermal particles: 1044
  Event weight: 5.062e-14
Event 8350 details:
  Total number of particles for clustering: 2252
  Number of thermal particles: 792
  Event weight: 7.25199e-12
Event 8360 details:
  Total number of particles for clustering: 2196
  Number of thermal particles: 731
  Event weight: 8.40715e-10
Event 8370 details:
  Total number of particles for clustering: 780
  Number of thermal particles: 230
  Event weight: 3.16988e-10
Event 8380 details:
  Total number of particles for clustering: 947
  Number of thermal particles: 306
  Event weight: 1.63696e-09
Event 8390 details:
  Total number of particles for clustering: 1632
  Number of thermal particles: 512
  Event weight: 3.15294e-13
Event 8400 details:
  Total number of particles for clustering: 1380
  Number of thermal particles: 607
  Event weight: 1.58613e-09
Event 8410 details:
  Total number of particles for clustering: 557
  Number of thermal particles: 134
  Event weight: 4.22295e-09
Event 8420 details:
  Total number of particles for clustering: 1482
  Number of thermal particles: 491
  Event weight: 3.00865e-10
Event 8430 details:
  Total number of particles for clustering: 2958
  Number of thermal particles: 939
  Event weight: 1.13957e-11
Event 8440 details:
  Total number of particles for clustering: 1131
  Number of thermal particles: 360
  Event weight: 1.36099e-09
Event 8450 details:
  Total number of particles for clustering: 1762
  Number of thermal particles: 584
  Event weight: 8.57615e-10
Event 8460 details:
  Total number of particles for clustering: 1758
  Number of thermal particles: 553
  Event weight: 5.10068e-12
Event 8470 details:
  Total number of particles for clustering: 1592
  Number of thermal particles: 515
  Event weight: 2.23611e-12
Event 8480 details:
  Total number of particles for clustering: 1720
  Number of thermal particles: 568
  Event weight: 2.74092e-10
Event 8490 details:
  Total number of particles for clustering: 2685
  Number of thermal particles: 856
  Event weight: 2.14819e-10
Event 8500 details:
  Total number of particles for clustering: 1656
  Number of thermal particles: 584
  Event weight: 2.46773e-12
Event 8510 details:
  Total number of particles for clustering: 477
  Number of thermal particles: 130
  Event weight: 1.5784e-09
Event 8520 details:
  Total number of particles for clustering: 1409
  Number of thermal particles: 456
  Event weight: 1.53128e-10
Event 8530 details:
  Total number of particles for clustering: 1294
  Number of thermal particles: 364
  Event weight: 1.65876e-12
Event 8540 details:
  Total number of particles for clustering: 2177
  Number of thermal particles: 792
  Event weight: 1.54221e-09
Event 8550 details:
  Total number of particles for clustering: 1899
  Number of thermal particles: 644
  Event weight: 5.7519e-11
Event 8560 details:
  Total number of particles for clustering: 2956
  Number of thermal particles: 999
  Event weight: 1.83734e-12
Event 8570 details:
  Total number of particles for clustering: 1978
  Number of thermal particles: 613
  Event weight: 2.23583e-15
Event 8580 details:
  Total number of particles for clustering: 3193
  Number of thermal particles: 1016
  Event weight: 1.29924e-14
Event 8590 details:
  Total number of particles for clustering: 2295
  Number of thermal particles: 737
  Event weight: 9.6686e-13
Event 8600 details:
  Total number of particles for clustering: 2860
  Number of thermal particles: 946
  Event weight: 4.5536e-13
Event 8610 details:
  Total number of particles for clustering: 2384
  Number of thermal particles: 779
  Event weight: 3.27104e-12
Event 8620 details:
  Total number of particles for clustering: 1325
  Number of thermal particles: 396
  Event weight: 2.73804e-12
Event 8630 details:
  Total number of particles for clustering: 3117
  Number of thermal particles: 1187
  Event weight: 4.33238e-14
Event 8640 details:
  Total number of particles for clustering: 2488
  Number of thermal particles: 776
  Event weight: 5.01894e-11
Event 8650 details:
  Total number of particles for clustering: 1501
  Number of thermal particles: 510
  Event weight: 8.15954e-09
Event 8660 details:
  Total number of particles for clustering: 1161
  Number of thermal particles: 333
  Event weight: 1.49233e-10
Event 8670 details:
  Total number of particles for clustering: 2224
  Number of thermal particles: 757
  Event weight: 2.6933e-09
Event 8680 details:
  Total number of particles for clustering: 2394
  Number of thermal particles: 903
  Event weight: 6.91784e-14
Event 8690 details:
  Total number of particles for clustering: 2354
  Number of thermal particles: 722
  Event weight: 1.05967e-14
Event 8700 details:
  Total number of particles for clustering: 3233
  Number of thermal particles: 1209
  Event weight: 1.27538e-14
Event 8710 details:
  Total number of particles for clustering: 995
  Number of thermal particles: 289
  Event weight: 3.2114e-10
Event 8720 details:
  Total number of particles for clustering: 2452
  Number of thermal particles: 829
  Event weight: 1.01439e-11
Event 8730 details:
  Total number of particles for clustering: 992
  Number of thermal particles: 313
  Event weight: 5.14419e-09
Event 8740 details:
  Total number of particles for clustering: 1981
  Number of thermal particles: 664
  Event weight: 1.34585e-10
Event 8750 details:
  Total number of particles for clustering: 2461
  Number of thermal particles: 850
  Event weight: 6.32879e-10
Event 8760 details:
  Total number of particles for clustering: 1911
  Number of thermal particles: 607
  Event weight: 2.54919e-13
Event 8770 details:
  Total number of particles for clustering: 1963
  Number of thermal particles: 764
  Event weight: 4.55473e-13
Event 8780 details:
  Total number of particles for clustering: 3008
  Number of thermal particles: 968
  Event weight: 5.82678e-12
Event 8790 details:
  Total number of particles for clustering: 1459
  Number of thermal particles: 452
  Event weight: 5.46932e-12
Event 8800 details:
  Total number of particles for clustering: 1792
  Number of thermal particles: 583
  Event weight: 1.00223e-11
Event 8810 details:
  Total number of particles for clustering: 2427
  Number of thermal particles: 804
  Event weight: 5.12358e-12
Event 8820 details:
  Total number of particles for clustering: 1528
  Number of thermal particles: 454
  Event weight: 1.14962e-12
Event 8830 details:
  Total number of particles for clustering: 3360
  Number of thermal particles: 1248
  Event weight: 4.30371e-13
Event 8840 details:
  Total number of particles for clustering: 2774
  Number of thermal particles: 955
  Event weight: 5.74251e-14
Event 8850 details:
  Total number of particles for clustering: 2807
  Number of thermal particles: 1002
  Event weight: 2.2465e-10
Event 8860 details:
  Total number of particles for clustering: 1133
  Number of thermal particles: 363
  Event weight: 3.44486e-09
Event 8870 details:
  Total number of particles for clustering: 1126
  Number of thermal particles: 332
  Event weight: 5.45645e-09
Event 8880 details:
  Total number of particles for clustering: 1685
  Number of thermal particles: 714
  Event weight: 1.92797e-11
Event 8890 details:
  Total number of particles for clustering: 2124
  Number of thermal particles: 694
  Event weight: 5.17434e-13
Event 8900 details:
  Total number of particles for clustering: 808
  Number of thermal particles: 255
  Event weight: 4.86366e-11
Event 8910 details:
  Total number of particles for clustering: 2805
  Number of thermal particles: 878
  Event weight: 4.88966e-12
Event 8920 details:
  Total number of particles for clustering: 2450
  Number of thermal particles: 807
  Event weight: 4.95911e-10
Event 8930 details:
  Total number of particles for clustering: 2673
  Number of thermal particles: 877
  Event weight: 1.25992e-11
Event 8940 details:
  Total number of particles for clustering: 1694
  Number of thermal particles: 499
  Event weight: 9.76991e-12
Event 8950 details:
  Total number of particles for clustering: 2456
  Number of thermal particles: 763
  Event weight: 7.43243e-12
Event 8960 details:
  Total number of particles for clustering: 2010
  Number of thermal particles: 646
  Event weight: 1.88314e-14
Event 8970 details:
  Total number of particles for clustering: 1487
  Number of thermal particles: 480
  Event weight: 7.96544e-13
Event 8980 details:
  Total number of particles for clustering: 1763
  Number of thermal particles: 599
  Event weight: 9.82765e-10
Event 8990 details:
  Total number of particles for clustering: 3492
  Number of thermal particles: 1201
  Event weight: 2.02422e-14
Processing event 9000 / 9999
  Number of JEWEL particles: 1675
Event 9000 details:
  Total number of particles for clustering: 1284
  Number of thermal particles: 389
  Event weight: 2.43277e-11
Processed 9000 events.
Event 9010 details:
  Total number of particles for clustering: 2506
  Number of thermal particles: 1066
  Event weight: 4.92294e-13
Event 9020 details:
  Total number of particles for clustering: 1156
  Number of thermal particles: 332
  Event weight: 2.82424e-14
Event 9030 details:
  Total number of particles for clustering: 411
  Number of thermal particles: 96
  Event weight: 7.51883e-10
Event 9040 details:
  Total number of particles for clustering: 2579
  Number of thermal particles: 798
  Event weight: 1.59999e-12
Event 9050 details:
  Total number of particles for clustering: 525
  Number of thermal particles: 127
  Event weight: 1.23907e-10
Event 9060 details:
  Total number of particles for clustering: 2957
  Number of thermal particles: 1169
  Event weight: 3.80399e-13
Event 9070 details:
  Total number of particles for clustering: 2279
  Number of thermal particles: 783
  Event weight: 1.89426e-10
Event 9080 details:
  Total number of particles for clustering: 3301
  Number of thermal particles: 1198
  Event weight: 1.16633e-13
Event 9090 details:
  Total number of particles for clustering: 1987
  Number of thermal particles: 646
  Event weight: 5.01623e-09
Event 9100 details:
  Total number of particles for clustering: 1031
  Number of thermal particles: 292
  Event weight: 1.01547e-11
Event 9110 details:
  Total number of particles for clustering: 2173
  Number of thermal particles: 736
  Event weight: 3.35098e-12
Event 9120 details:
  Total number of particles for clustering: 2332
  Number of thermal particles: 798
  Event weight: 3.22583e-11
Event 9130 details:
  Total number of particles for clustering: 826
  Number of thermal particles: 243
  Event weight: 2.6938e-11
Event 9140 details:
  Total number of particles for clustering: 1941
  Number of thermal particles: 619
  Event weight: 1.50447e-12
Event 9150 details:
  Total number of particles for clustering: 1644
  Number of thermal particles: 539
  Event weight: 4.05708e-09
Event 9160 details:
  Total number of particles for clustering: 3193
  Number of thermal particles: 1102
  Event weight: 1.93655e-12
Event 9170 details:
  Total number of particles for clustering: 815
  Number of thermal particles: 226
  Event weight: 2.8659e-13
Event 9180 details:
  Total number of particles for clustering: 1176
  Number of thermal particles: 335
  Event weight: 8.46658e-14
Event 9190 details:
  Total number of particles for clustering: 1388
  Number of thermal particles: 463
  Event weight: 3.3981e-09
Event 9200 details:
  Total number of particles for clustering: 3016
  Number of thermal particles: 1019
  Event weight: 8.64245e-10
Event 9210 details:
  Total number of particles for clustering: 3844
  Number of thermal particles: 1231
  Event weight: 1.60262e-12
Event 9220 details:
  Total number of particles for clustering: 1141
  Number of thermal particles: 342
  Event weight: 5.47284e-12
Event 9230 details:
  Total number of particles for clustering: 1373
  Number of thermal particles: 630
  Event weight: 3.6607e-10
Event 9240 details:
  Total number of particles for clustering: 2107
  Number of thermal particles: 651
  Event weight: 4.3054e-11
Event 9250 details:
  Total number of particles for clustering: 2187
  Number of thermal particles: 751
  Event weight: 1.01509e-11
Event 9260 details:
  Total number of particles for clustering: 1921
  Number of thermal particles: 637
  Event weight: 1.85911e-11
Event 9270 details:
  Total number of particles for clustering: 1319
  Number of thermal particles: 421
  Event weight: 6.54349e-10
Event 9280 details:
  Total number of particles for clustering: 1109
  Number of thermal particles: 324
  Event weight: 6.02253e-09
Event 9290 details:
  Total number of particles for clustering: 3514
  Number of thermal particles: 1146
  Event weight: 2.75927e-13
Event 9300 details:
  Total number of particles for clustering: 1893
  Number of thermal particles: 646
  Event weight: 6.08894e-10
Event 9310 details:
  Total number of particles for clustering: 2311
  Number of thermal particles: 757
  Event weight: 2.35141e-10
Event 9320 details:
  Total number of particles for clustering: 637
  Number of thermal particles: 183
  Event weight: 3.45291e-09
Event 9330 details:
  Total number of particles for clustering: 1334
  Number of thermal particles: 375
  Event weight: 1.58686e-12
Event 9340 details:
  Total number of particles for clustering: 1158
  Number of thermal particles: 375
  Event weight: 1.3491e-13
Event 9350 details:
  Total number of particles for clustering: 2387
  Number of thermal particles: 811
  Event weight: 2.52865e-11
Event 9360 details:
  Total number of particles for clustering: 2680
  Number of thermal particles: 878
  Event weight: 3.04963e-14
Event 9370 details:
  Total number of particles for clustering: 812
  Number of thermal particles: 235
  Event weight: 3.13168e-09
Event 9380 details:
  Total number of particles for clustering: 2882
  Number of thermal particles: 919
  Event weight: 3.18234e-13
Event 9390 details:
  Total number of particles for clustering: 372
  Number of thermal particles: 85
  Event weight: 1.05303e-09
Event 9400 details:
  Total number of particles for clustering: 1068
  Number of thermal particles: 328
  Event weight: 1.06485e-09
Event 9410 details:
  Total number of particles for clustering: 1442
  Number of thermal particles: 424
  Event weight: 7.78706e-09
Event 9420 details:
  Total number of particles for clustering: 334
  Number of thermal particles: 72
  Event weight: 4.4912e-12
Event 9430 details:
  Total number of particles for clustering: 3167
  Number of thermal particles: 1189
  Event weight: 1.25792e-12
Event 9440 details:
  Total number of particles for clustering: 1478
  Number of thermal particles: 485
  Event weight: 6.27629e-11
Event 9450 details:
  Total number of particles for clustering: 1618
  Number of thermal particles: 705
  Event weight: 3.38187e-11
Event 9460 details:
  Total number of particles for clustering: 1366
  Number of thermal particles: 441
  Event weight: 3.58376e-14
Event 9470 details:
  Total number of particles for clustering: 2565
  Number of thermal particles: 835
  Event weight: 1.35575e-13
Event 9480 details:
  Total number of particles for clustering: 1777
  Number of thermal particles: 536
  Event weight: 7.78498e-13
Event 9490 details:
  Total number of particles for clustering: 2130
  Number of thermal particles: 746
  Event weight: 3.71525e-10
Event 9500 details:
  Total number of particles for clustering: 1168
  Number of thermal particles: 349
  Event weight: 7.20042e-12
Event 9510 details:
  Total number of particles for clustering: 2077
  Number of thermal particles: 646
  Event weight: 1.30039e-13
Event 9520 details:
  Total number of particles for clustering: 611
  Number of thermal particles: 175
  Event weight: 6.66002e-12
Event 9530 details:
  Total number of particles for clustering: 1458
  Number of thermal particles: 457
  Event weight: 1.08395e-13
Event 9540 details:
  Total number of particles for clustering: 3327
  Number of thermal particles: 1135
  Event weight: 1.55584e-12
Event 9550 details:
  Total number of particles for clustering: 1113
  Number of thermal particles: 380
  Event weight: 2.56642e-10
Event 9560 details:
  Total number of particles for clustering: 1639
  Number of thermal particles: 514
  Event weight: 8.73006e-11
Event 9570 details:
  Total number of particles for clustering: 1843
  Number of thermal particles: 566
  Event weight: 3.42812e-11
Event 9580 details:
  Total number of particles for clustering: 4352
  Number of thermal particles: 1637
  Event weight: 9.55675e-14
Event 9590 details:
  Total number of particles for clustering: 607
  Number of thermal particles: 134
  Event weight: 2.53545e-11
Event 9600 details:
  Total number of particles for clustering: 1553
  Number of thermal particles: 492
  Event weight: 5.89004e-11
Event 9610 details:
  Total number of particles for clustering: 2582
  Number of thermal particles: 776
  Event weight: 3.49433e-13
Event 9620 details:
  Total number of particles for clustering: 1884
  Number of thermal particles: 603
  Event weight: 1.11234e-10
Event 9630 details:
  Total number of particles for clustering: 2639
  Number of thermal particles: 923
  Event weight: 1.68223e-09
Event 9640 details:
  Total number of particles for clustering: 2209
  Number of thermal particles: 669
  Event weight: 9.23945e-13
Event 9650 details:
  Total number of particles for clustering: 1576
  Number of thermal particles: 491
  Event weight: 5.50855e-12
Event 9660 details:
  Total number of particles for clustering: 2005
  Number of thermal particles: 634
  Event weight: 2.05947e-13
Event 9670 details:
  Total number of particles for clustering: 1429
  Number of thermal particles: 422
  Event weight: 2.0678e-11
Event 9680 details:
  Total number of particles for clustering: 1526
  Number of thermal particles: 458
  Event weight: 2.17756e-13
Event 9690 details:
  Total number of particles for clustering: 1498
  Number of thermal particles: 486
  Event weight: 9.82137e-11
Event 9700 details:
  Total number of particles for clustering: 2605
  Number of thermal particles: 1050
  Event weight: 3.52256e-14
Event 9710 details:
  Total number of particles for clustering: 2249
  Number of thermal particles: 752
  Event weight: 3.411e-10
Event 9720 details:
  Total number of particles for clustering: 2272
  Number of thermal particles: 841
  Event weight: 1.14186e-11
Event 9730 details:
  Total number of particles for clustering: 3205
  Number of thermal particles: 1061
  Event weight: 3.178e-12
Event 9740 details:
  Total number of particles for clustering: 1038
  Number of thermal particles: 340
  Event weight: 4.62953e-10
Event 9750 details:
  Total number of particles for clustering: 1252
  Number of thermal particles: 416
  Event weight: 2.38377e-12
Event 9760 details:
  Total number of particles for clustering: 1418
  Number of thermal particles: 450
  Event weight: 1.94428e-10
Event 9770 details:
  Total number of particles for clustering: 2789
  Number of thermal particles: 958
  Event weight: 2.12983e-12
Event 9780 details:
  Total number of particles for clustering: 1443
  Number of thermal particles: 456
  Event weight: 5.48636e-12
Event 9790 details:
  Total number of particles for clustering: 2259
  Number of thermal particles: 904
  Event weight: 8.25619e-13
Event 9800 details:
  Total number of particles for clustering: 1726
  Number of thermal particles: 584
  Event weight: 2.82195e-09
Event 9810 details:
  Total number of particles for clustering: 2100
  Number of thermal particles: 675
  Event weight: 3.01385e-11
Event 9820 details:
  Total number of particles for clustering: 2803
  Number of thermal particles: 944
  Event weight: 3.30674e-13
Event 9830 details:
  Total number of particles for clustering: 1677
  Number of thermal particles: 506
  Event weight: 3.56972e-11
Event 9840 details:
  Total number of particles for clustering: 2048
  Number of thermal particles: 915
  Event weight: 6.83546e-13
Event 9850 details:
  Total number of particles for clustering: 3044
  Number of thermal particles: 1237
  Event weight: 1.45115e-13
Event 9860 details:
  Total number of particles for clustering: 1348
  Number of thermal particles: 367
  Event weight: 5.07226e-12
Event 9870 details:
  Total number of particles for clustering: 706
  Number of thermal particles: 177
  Event weight: 3.42503e-13
Event 9880 details:
  Total number of particles for clustering: 3104
  Number of thermal particles: 1030
  Event weight: 1.96764e-10
Event 9890 details:
  Total number of particles for clustering: 2459
  Number of thermal particles: 781
  Event weight: 2.08912e-13
Event 9900 details:
  Total number of particles for clustering: 1246
  Number of thermal particles: 364
  Event weight: 4.5383e-12
Event 9910 details:
  Total number of particles for clustering: 1309
  Number of thermal particles: 368
  Event weight: 1.73576e-11
Event 9920 details:
  Total number of particles for clustering: 1743
  Number of thermal particles: 545
  Event weight: 3.42382e-12
Event 9930 details:
  Total number of particles for clustering: 2031
  Number of thermal particles: 666
  Event weight: 1.5452e-11
Event 9940 details:
  Total number of particles for clustering: 3620
  Number of thermal particles: 1209
  Event weight: 1.71904e-12
Event 9950 details:
  Total number of particles for clustering: 2029
  Number of thermal particles: 683
  Event weight: 1.36171e-12
Event 9960 details:
  Total number of particles for clustering: 3045
  Number of thermal particles: 932
  Event weight: 1.49193e-14
Event 9970 details:
  Total number of particles for clustering: 1283
  Number of thermal particles: 415
  Event weight: 1.14606e-09
Event 9980 details:
  Total number of particles for clustering: 2912
  Number of thermal particles: 974
  Event weight: 5.71202e-14
Event 9990 details:
  Total number of particles for clustering: 413
  Number of thermal particles: 93
  Event weight: 1.56941e-11
